,IP_Pair,Pair_Label
0,0.0.0.0-224.0.0.1,BENIGN
1,0.0.0.0-224.0.0.22,BENIGN
2,0.0.0.0-255.255.255.255,BENIGN
3,0.0.0.104-134.221.96.0,BENIGN
4,0.0.0.105-134.221.96.0,BENIGN
5,0.0.0.109-134.221.96.0,BENIGN
6,0.0.0.111-134.221.96.0,BENIGN
7,0.0.0.112-134.221.96.0,BENIGN
8,0.0.0.113-134.221.96.0,BENIGN
9,0.0.0.115-134.221.96.0,BENIGN
10,0.0.0.117-134.221.96.0,BENIGN
11,0.0.0.122-134.221.96.0,BENIGN
12,0.0.0.129-134.221.96.0,BENIGN
13,0.0.0.135-134.221.96.0,BENIGN
14,0.0.0.144-134.221.96.0,BENIGN
15,0.0.0.148-134.221.96.0,BENIGN
16,0.0.0.157-134.221.96.0,BENIGN
17,0.0.0.16-134.221.96.0,BENIGN
18,0.0.0.161-134.221.96.0,BENIGN
19,0.0.0.172-134.221.96.0,BENIGN
20,0.0.0.175-134.221.96.0,BENIGN
21,0.0.0.177-134.221.96.0,BENIGN
22,0.0.0.209-134.221.96.0,BENIGN
23,0.0.0.216-134.221.96.0,BENIGN
24,0.0.0.24-134.221.96.0,BENIGN
25,0.0.0.240-134.221.96.0,BENIGN
26,0.0.0.32-134.221.96.0,BENIGN
27,0.0.0.34-134.221.96.0,BENIGN
28,0.0.0.36-134.221.96.0,BENIGN
29,0.0.0.38-134.221.96.0,BENIGN
30,0.0.0.39-134.221.96.0,BENIGN
31,0.0.0.40-134.221.96.0,BENIGN
32,0.0.0.42-134.221.96.0,BENIGN
33,0.0.0.43-134.221.96.0,BENIGN
34,0.0.0.45-134.221.96.0,BENIGN
35,0.0.0.49-134.221.96.0,BENIGN
36,0.0.0.54-134.221.96.0,BENIGN
37,0.0.0.56-134.221.96.0,BENIGN
38,0.0.0.58-134.221.96.0,BENIGN
39,0.0.0.59-134.221.96.0,BENIGN
40,0.0.0.64-134.221.96.0,BENIGN
41,0.0.0.70-134.221.96.0,BENIGN
42,0.0.0.84-134.221.96.0,BENIGN
43,0.0.0.86-134.221.96.0,BENIGN
44,0.0.0.87-134.221.96.0,BENIGN
45,0.0.0.90-134.221.96.0,BENIGN
46,0.0.0.91-134.221.96.0,BENIGN
47,0.0.1.111-134.221.96.0,BENIGN
48,0.0.1.123-134.221.96.0,BENIGN
49,0.0.1.139-134.221.96.0,BENIGN
50,0.0.1.155-134.221.96.0,BENIGN
51,0.0.1.159-134.221.96.0,BENIGN
52,0.0.1.215-134.221.96.0,BENIGN
53,0.160.5.78-134.221.96.12,BENIGN
54,0.6.0.1-175.129.1.0,BENIGN
55,0.80.5.78-134.221.96.5,BENIGN
56,1.54.236.79-192.168.1.164,BENIGN
57,10.0.2.104-10.0.2.2,BENIGN
58,10.0.2.104-10.0.2.255,BENIGN
59,10.0.2.104-103.23.154.184,MALICIOUS
60,10.0.2.104-110.77.142.156,MALICIOUS
61,10.0.2.104-115.241.52.2,MALICIOUS
62,10.0.2.104-129.105.146.223,MALICIOUS
63,10.0.2.104-13.107.4.50,BENIGN
64,10.0.2.104-148.202.223.222,MALICIOUS
65,10.0.2.104-176.53.0.103,MALICIOUS
66,10.0.2.104-181.177.231.245,MALICIOUS
67,10.0.2.104-185.86.76.115,MALICIOUS
68,10.0.2.104-188.126.116.26,MALICIOUS
69,10.0.2.104-195.96.228.199,MALICIOUS
70,10.0.2.104-199.231.189.9,MALICIOUS
71,10.0.2.104-200.57.183.176,MALICIOUS
72,10.0.2.104-202.137.31.219,MALICIOUS
73,10.0.2.104-224.0.0.252,BENIGN
74,10.0.2.104-41.38.18.230,MALICIOUS
75,10.0.2.104-46.183.66.210,MALICIOUS
76,10.0.2.104-46.32.243.144,MALICIOUS
77,10.0.2.104-5.9.37.137,MALICIOUS
78,10.0.2.104-51.254.114.130,MALICIOUS
79,10.0.2.104-62.109.133.248,MALICIOUS
80,10.0.2.104-8.8.4.4,BENIGN
81,10.0.2.104-8.8.8.8,BENIGN
82,10.0.2.105-10.0.2.2,BENIGN
83,10.0.2.105-10.0.2.255,BENIGN
84,10.0.2.105-194.169.227.18,MALICIOUS
85,10.0.2.105-194.25.134.51,BENIGN
86,10.0.2.105-195.200.35.195,MALICIOUS
87,10.0.2.105-201.175.12.142,BENIGN
88,10.0.2.105-201.175.17.35,MALICIOUS
89,10.0.2.105-212.227.15.167,MALICIOUS
90,10.0.2.105-212.227.15.183,MALICIOUS
91,10.0.2.105-212.227.17.168,MALICIOUS
92,10.0.2.105-212.227.17.190,MALICIOUS
93,10.0.2.105-212.247.156.7,MALICIOUS
94,10.0.2.105-213.165.67.108,MALICIOUS
95,10.0.2.105-213.165.67.124,MALICIOUS
96,10.0.2.105-213.46.255.2,MALICIOUS
97,10.0.2.105-217.31.82.111,MALICIOUS
98,10.0.2.105-224.0.0.252,BENIGN
99,10.0.2.105-8.8.4.4,BENIGN
100,10.0.2.105-8.8.8.8,BENIGN
101,10.0.2.105-81.169.145.133,MALICIOUS
102,10.0.2.107-212.59.117.207,MALICIOUS
103,10.0.2.107-8.8.4.4,BENIGN
104,10.0.2.107-8.8.8.8,BENIGN
105,10.0.2.107-91.222.139.45,MALICIOUS
106,10.0.2.108-62.75.184.70,MALICIOUS
107,10.0.2.108-8.8.4.4,BENIGN
108,10.0.2.108-8.8.8.8,BENIGN
109,10.0.2.108-93.189.89.83,MALICIOUS
110,10.142.0.144-134.221.96.7,BENIGN
111,100.191.5.78-134.221.96.13,BENIGN
112,102.58.5.78-134.221.96.7,BENIGN
113,103.102.166.224-192.168.0.104,BENIGN
114,103.102.166.240-192.168.0.104,BENIGN
115,103.182.5.78-134.221.96.10,BENIGN
116,103.209.145.144-192.168.1.115,MALICIOUS
117,103.229.10.172-192.168.1.55,BENIGN
118,103.229.10.185-192.168.1.55,BENIGN
119,103.229.206.182-192.168.1.55,BENIGN
120,103.235.46.191-192.168.1.55,BENIGN
121,103.242.54.47-192.168.1.55,BENIGN
122,103.28.39.7-192.168.1.164,BENIGN
123,103.39.92.110-192.168.1.55,BENIGN
124,103.39.92.12-192.168.1.55,BENIGN
125,103.4.18.170-192.168.1.113,MALICIOUS
126,103.4.18.170-192.168.1.117,MALICIOUS
127,103.4.18.170-192.168.1.118,MALICIOUS
128,103.4.18.170-192.168.1.120,MALICIOUS
129,103.4.18.170-192.168.1.121,MALICIOUS
130,103.4.18.170-192.168.1.125,MALICIOUS
131,103.4.18.170-192.168.1.126,MALICIOUS
132,103.4.18.170-192.168.1.127,MALICIOUS
133,103.43.90.118-192.168.1.55,BENIGN
134,103.43.90.178-192.168.1.55,BENIGN
135,103.43.90.179-192.168.1.55,BENIGN
136,103.43.90.180-192.168.1.55,BENIGN
137,103.43.90.181-192.168.1.55,BENIGN
138,103.43.90.21-192.168.1.55,BENIGN
139,103.43.90.54-192.168.1.55,BENIGN
140,103.43.90.55-192.168.1.55,BENIGN
141,104.111.168.242-192.168.1.55,BENIGN
142,104.111.169.183-192.168.1.55,BENIGN
143,104.111.205.67-192.168.1.55,BENIGN
144,104.16.1.35-192.168.1.55,BENIGN
145,104.16.121.145-192.168.1.55,BENIGN
146,104.16.122.127-192.168.1.55,BENIGN
147,104.16.134.15-192.168.1.55,BENIGN
148,104.16.135.15-192.168.1.55,BENIGN
149,104.16.160.13-192.168.1.55,BENIGN
150,104.16.164.13-192.168.1.55,BENIGN
151,104.16.205.165-192.168.1.164,BENIGN
152,104.16.206.165-192.168.1.164,BENIGN
153,104.16.25.34-192.168.1.164,BENIGN
154,104.16.26.34-192.168.1.55,BENIGN
155,104.16.28.34-192.168.0.104,BENIGN
156,104.16.3.35-192.168.0.104,BENIGN
157,104.16.3.35-192.168.1.164,BENIGN
158,104.16.79.166-192.168.1.164,BENIGN
159,104.16.80.166-192.168.1.164,BENIGN
160,104.16.87.20-192.168.1.55,BENIGN
161,104.16.88.20-192.168.1.164,BENIGN
162,104.16.92.80-192.168.1.55,BENIGN
163,104.17.64.4-192.168.1.55,BENIGN
164,104.17.65.4-192.168.1.55,BENIGN
165,104.18.101.194-192.168.1.55,BENIGN
166,104.18.98.194-192.168.1.55,BENIGN
167,104.18.99.194-192.168.1.164,BENIGN
168,104.18.99.194-192.168.1.55,BENIGN
169,104.19.195.151-192.168.1.164,BENIGN
170,104.19.196.151-192.168.0.104,BENIGN
171,104.19.197.151-192.168.0.104,BENIGN
172,104.19.197.151-192.168.1.164,BENIGN
173,104.20.14.120-192.168.1.164,BENIGN
174,104.20.143.135-192.168.1.55,BENIGN
175,104.20.144.135-192.168.1.55,BENIGN
176,104.20.150.33-192.168.1.55,BENIGN
177,104.20.151.33-192.168.1.55,BENIGN
178,104.20.211.48-192.168.1.164,BENIGN
179,104.20.211.48-192.168.1.55,BENIGN
180,104.20.29.97-192.168.1.55,BENIGN
181,104.20.30.97-192.168.1.55,BENIGN
182,104.215.101.245-192.168.1.55,BENIGN
183,104.22.12.48-192.168.1.55,BENIGN
184,104.22.13.48-192.168.1.55,BENIGN
185,104.235.5.78-134.221.96.2,BENIGN
186,104.236.172.37-192.168.1.120,MALICIOUS
187,104.236.228.160-192.168.0.104,BENIGN
188,104.236.252.178-192.168.1.130,MALICIOUS
189,104.237.191.1-192.168.0.104,BENIGN
190,104.237.191.1-192.168.1.164,BENIGN
191,104.24.105.118-192.168.1.55,BENIGN
192,104.24.19.65-192.168.0.104,BENIGN
193,104.24.9.40-192.168.1.55,BENIGN
194,104.244.42.131-192.168.1.164,BENIGN
195,104.244.42.133-192.168.1.164,BENIGN
196,104.244.42.195-192.168.0.104,BENIGN
197,104.244.42.195-192.168.1.164,BENIGN
198,104.244.42.200-192.168.1.55,BENIGN
199,104.244.42.5-192.168.1.164,BENIGN
200,104.244.42.8-192.168.0.104,BENIGN
201,104.25.218.21-192.168.0.104,BENIGN
202,104.25.219.21-192.168.0.104,BENIGN
203,104.25.8.32-192.168.0.104,BENIGN
204,104.26.11.240-192.168.1.55,BENIGN
205,104.26.12.52-192.168.1.55,BENIGN
206,104.26.13.52-192.168.1.55,BENIGN
207,104.26.14.73-192.168.0.104,BENIGN
208,104.26.2.223-192.168.1.55,BENIGN
209,104.26.2.86-192.168.1.55,BENIGN
210,104.26.3.223-192.168.1.55,BENIGN
211,104.26.3.86-192.168.1.55,BENIGN
212,104.26.4.169-192.168.1.55,BENIGN
213,104.27.165.239-192.168.1.55,BENIGN
214,104.27.177.34-192.168.1.164,BENIGN
215,104.27.34.86-192.168.0.104,BENIGN
216,104.31.89.64-192.168.1.55,BENIGN
217,104.40.211.35-192.168.1.110,BENIGN
218,104.42.78.153-192.168.1.164,BENIGN
219,104.43.195.251-192.168.1.110,BENIGN
220,104.67.43.245-192.168.0.104,BENIGN
221,104.68.141.124-192.168.0.104,BENIGN
222,104.68.141.132-192.168.0.104,BENIGN
223,104.68.147.18-192.168.0.104,BENIGN
224,104.68.149.178-192.168.0.104,BENIGN
225,104.68.151.137-192.168.0.104,BENIGN
226,104.70.238.155-192.168.1.55,BENIGN
227,104.71.48.207-192.168.1.55,BENIGN
228,104.71.49.9-192.168.1.55,BENIGN
229,104.71.50.131-192.168.1.55,BENIGN
230,104.76.136.83-192.168.1.55,BENIGN
231,104.79.106.75-192.168.1.55,BENIGN
232,104.84.190.107-192.168.1.55,BENIGN
233,104.84.201.12-192.168.1.55,BENIGN
234,105.213.5.78-134.221.96.14,BENIGN
235,105.218.5.78-134.221.96.3,BENIGN
236,106.10.218.43-192.168.1.55,BENIGN
237,107.170.0.14-192.168.1.118,MALICIOUS
238,107.170.231.118-192.168.1.122,MALICIOUS
239,107.178.244.193-192.168.1.55,BENIGN
240,107.178.254.65-192.168.1.164,BENIGN
241,107.178.254.65-192.168.1.55,BENIGN
242,107.6.115.154-192.168.0.104,BENIGN
243,107.62.5.78-134.221.96.15,BENIGN
244,108.161.189.78-192.168.0.104,BENIGN
245,108.161.189.78-192.168.1.164,BENIGN
246,108.161.189.78-192.168.1.55,BENIGN
247,108.167.137.38-192.168.1.110,MALICIOUS
248,108.177.125.155-192.168.1.55,BENIGN
249,108.177.125.156-192.168.1.164,BENIGN
250,108.177.125.157-192.168.1.55,BENIGN
251,108.177.125.94-192.168.1.164,BENIGN
252,108.177.97.188-192.168.0.104,BENIGN
253,108.221.5.78-134.221.96.7,BENIGN
254,108.242.5.78-134.221.96.3,BENIGN
255,109.169.66.107-192.168.1.126,MALICIOUS
256,109.169.66.107-192.168.1.127,MALICIOUS
257,109.244.5.78-134.221.96.2,BENIGN
258,109.74.9.119-192.168.1.110,MALICIOUS
259,110.151.5.78-134.221.96.11,BENIGN
260,110.204.5.78-134.221.96.5,BENIGN
261,111.221.29.254-192.168.1.164,BENIGN
262,112.211.5.78-134.221.96.5,BENIGN
263,113.171.18.79-192.168.0.104,BENIGN
264,113.171.200.53-192.168.0.104,BENIGN
265,113.171.200.83-192.168.0.104,BENIGN
266,113.171.230.40-192.168.0.104,BENIGN
267,113.171.240.93-192.168.0.104,BENIGN
268,113.171.244.148-192.168.0.104,BENIGN
269,113.171.244.29-192.168.0.104,BENIGN
270,113.171.244.99-192.168.0.104,BENIGN
271,113.171.246.237-192.168.0.104,BENIGN
272,113.171.246.76-192.168.0.104,BENIGN
273,113.171.64.17-192.168.0.104,BENIGN
274,113.171.64.18-192.168.0.104,BENIGN
275,113.171.64.81-192.168.0.104,BENIGN
276,113.171.64.82-192.168.0.104,BENIGN
277,113.171.65.17-192.168.0.104,BENIGN
278,113.171.65.18-192.168.0.104,BENIGN
279,113.171.65.81-192.168.0.104,BENIGN
280,113.171.65.82-192.168.0.104,BENIGN
281,114.1.5.78-134.221.96.15,BENIGN
282,114.167.5.78-134.221.96.2,BENIGN
283,115.149.5.78-134.221.96.7,BENIGN
284,115.220.5.78-134.221.96.12,BENIGN
285,117.18.232.200-192.168.0.104,BENIGN
286,117.18.232.200-192.168.1.164,BENIGN
287,117.18.232.200-192.168.1.55,BENIGN
288,117.18.237.29-192.168.0.104,BENIGN
289,117.18.237.29-192.168.1.164,BENIGN
290,117.18.237.29-192.168.1.55,BENIGN
291,117.18.237.38-192.168.0.104,BENIGN
292,117.18.237.42-192.168.0.104,BENIGN
293,117.18.237.66-192.168.0.104,BENIGN
294,118.68.80.23-192.168.1.164,BENIGN
295,118.69.16.135-192.168.1.164,BENIGN
296,118.69.16.168-192.168.1.164,BENIGN
297,118.69.16.6-192.168.1.164,BENIGN
298,118.69.83.73-192.168.1.55,BENIGN
299,118.69.83.75-192.168.1.55,BENIGN
300,118.71.24.12-192.168.1.164,BENIGN
301,118.71.24.15-192.168.1.164,BENIGN
302,118.85.5.78-134.221.96.15,BENIGN
303,119.254.11.66-192.168.1.2,MALICIOUS
304,119.59.124.163-192.168.1.113,MALICIOUS
305,119.59.124.163-192.168.1.117,MALICIOUS
306,119.59.124.163-192.168.1.118,MALICIOUS
307,119.59.124.163-192.168.1.120,MALICIOUS
308,119.59.124.163-192.168.1.121,MALICIOUS
309,119.59.124.163-192.168.1.125,MALICIOUS
310,120.138.69.11-192.168.1.55,BENIGN
311,120.138.69.12-192.168.1.55,BENIGN
312,120.138.69.26-192.168.1.55,BENIGN
313,120.138.69.37-192.168.1.55,BENIGN
314,120.138.69.5-192.168.1.55,BENIGN
315,120.138.69.52-192.168.1.55,BENIGN
316,120.138.74.161-192.168.1.55,BENIGN
317,120.138.74.184-192.168.1.55,BENIGN
318,121.52.5.78-134.221.96.4,BENIGN
319,123.17.0.70-134.221.96.12,BENIGN
320,123.30.108.122-192.168.1.55,BENIGN
321,123.30.151.72-192.168.1.164,BENIGN
322,123.30.151.79-192.168.1.164,BENIGN
323,123.30.151.84-192.168.1.164,BENIGN
324,123.30.151.85-192.168.1.164,BENIGN
325,123.30.180.60-192.168.1.55,BENIGN
326,123.30.58.105-192.168.1.55,BENIGN
327,123.30.58.111-192.168.1.55,BENIGN
328,123.31.31.179-192.168.1.55,BENIGN
329,123.31.31.184-192.168.1.55,BENIGN
330,123.40.5.78-134.221.96.4,BENIGN
331,125.212.227.24-192.168.1.55,BENIGN
332,125.212.242.60-192.168.1.55,BENIGN
333,125.212.245.39-192.168.1.55,BENIGN
334,125.235.17.142-192.168.1.55,BENIGN
335,125.235.17.76-192.168.1.55,BENIGN
336,125.235.240.40-192.168.1.55,BENIGN
337,125.235.30.144-192.168.1.55,BENIGN
338,125.235.31.80-192.168.1.55,BENIGN
339,125.235.31.81-192.168.1.55,BENIGN
340,125.235.36.178-192.168.1.55,BENIGN
341,125.235.36.179-192.168.1.55,BENIGN
342,125.235.36.185-192.168.1.55,BENIGN
343,125.235.36.201-192.168.1.55,BENIGN
344,125.235.4.59-192.168.1.55,BENIGN
345,126.131.5.78-134.221.96.7,BENIGN
346,127.233.5.78-134.221.96.14,BENIGN
347,13.107.21.200-192.168.1.55,BENIGN
348,13.107.246.10-192.168.1.55,BENIGN
349,13.107.3.128-192.168.0.104,BENIGN
350,13.107.3.128-192.168.1.164,BENIGN
351,13.107.3.128-192.168.1.55,BENIGN
352,13.107.6.175-192.168.1.164,BENIGN
353,13.113.51.68-192.168.1.55,BENIGN
354,13.209.255.179-192.168.0.104,BENIGN
355,13.225.100.104-192.168.1.55,BENIGN
356,13.225.100.130-192.168.1.55,BENIGN
357,13.225.100.14-192.168.1.55,BENIGN
358,13.225.100.88-192.168.1.55,BENIGN
359,13.225.103.105-192.168.1.55,BENIGN
360,13.225.103.106-192.168.1.55,BENIGN
361,13.225.103.108-192.168.1.55,BENIGN
362,13.225.103.110-192.168.1.55,BENIGN
363,13.225.103.114-192.168.1.55,BENIGN
364,13.225.103.121-192.168.1.55,BENIGN
365,13.225.103.16-192.168.1.55,BENIGN
366,13.225.103.20-192.168.1.55,BENIGN
367,13.225.103.21-192.168.1.55,BENIGN
368,13.225.103.23-192.168.1.55,BENIGN
369,13.225.103.28-192.168.1.55,BENIGN
370,13.225.103.30-192.168.1.55,BENIGN
371,13.225.103.31-192.168.1.55,BENIGN
372,13.225.103.35-192.168.1.55,BENIGN
373,13.225.103.4-192.168.1.55,BENIGN
374,13.225.103.40-192.168.1.55,BENIGN
375,13.225.103.5-192.168.1.55,BENIGN
376,13.225.103.52-192.168.1.55,BENIGN
377,13.225.103.54-192.168.1.55,BENIGN
378,13.225.103.57-192.168.1.55,BENIGN
379,13.225.103.59-192.168.1.55,BENIGN
380,13.225.103.63-192.168.1.55,BENIGN
381,13.225.103.71-192.168.1.55,BENIGN
382,13.225.103.73-192.168.1.55,BENIGN
383,13.225.103.83-192.168.1.55,BENIGN
384,13.225.103.88-192.168.1.55,BENIGN
385,13.225.103.92-192.168.1.55,BENIGN
386,13.225.103.95-192.168.1.55,BENIGN
387,13.225.94.21-192.168.1.55,BENIGN
388,13.225.96.80-192.168.1.55,BENIGN
389,13.229.171.209-192.168.1.164,BENIGN
390,13.229.186.8-192.168.1.164,BENIGN
391,13.229.189.0-192.168.0.104,BENIGN
392,13.250.162.133-192.168.0.104,BENIGN
393,13.250.177.223-192.168.0.104,BENIGN
394,13.250.180.124-192.168.0.104,BENIGN
395,13.250.68.200-192.168.1.55,BENIGN
396,13.250.86.16-192.168.0.104,BENIGN
397,13.250.86.16-192.168.1.164,BENIGN
398,13.250.94.254-192.168.0.104,BENIGN
399,13.250.94.254-192.168.1.55,BENIGN
400,13.251.199.112-192.168.0.104,BENIGN
401,13.251.199.112-192.168.1.164,BENIGN
402,13.251.235.113-192.168.1.55,BENIGN
403,13.41.0.101-134.221.96.14,BENIGN
404,13.41.0.105-134.221.96.14,BENIGN
405,13.41.0.120-134.221.96.14,BENIGN
406,13.41.0.128-134.221.96.14,BENIGN
407,13.41.0.137-134.221.96.14,BENIGN
408,13.41.0.144-134.221.96.14,BENIGN
409,13.41.0.147-134.221.96.14,BENIGN
410,13.41.0.152-134.221.96.14,BENIGN
411,13.41.0.179-134.221.96.14,BENIGN
412,13.41.0.57-134.221.96.14,BENIGN
413,13.41.0.69-134.221.96.14,BENIGN
414,13.41.0.74-134.221.96.14,BENIGN
415,13.41.0.78-134.221.96.14,BENIGN
416,13.41.0.86-134.221.96.14,BENIGN
417,13.75.106.0-192.168.1.55,BENIGN
418,13.76.5.251-192.168.1.55,BENIGN
419,13.79.147.101-192.168.1.55,BENIGN
420,13.79.186.4-192.168.1.55,BENIGN
421,13.88.28.53-192.168.1.55,BENIGN
422,13.93.149.41-192.168.1.55,BENIGN
423,131.159.5.78-134.221.96.7,BENIGN
424,132.127.5.78-134.221.96.6,BENIGN
425,134.221.96.0-139.142.5.78,BENIGN
426,134.221.96.0-152.23.5.78,BENIGN
427,134.221.96.0-176.11.0.70,BENIGN
428,134.221.96.0-177.175.0.129,BENIGN
429,134.221.96.0-177.175.0.161,BENIGN
430,134.221.96.0-177.175.0.87,BENIGN
431,134.221.96.0-19.175.5.78,BENIGN
432,134.221.96.0-204.2.0.125,BENIGN
433,134.221.96.0-204.2.0.40,BENIGN
434,134.221.96.0-204.2.0.41,BENIGN
435,134.221.96.0-204.2.0.69,BENIGN
436,134.221.96.0-21.21.5.78,BENIGN
437,134.221.96.0-212.252.5.78,BENIGN
438,134.221.96.0-242.132.5.78,BENIGN
439,134.221.96.0-38.228.5.78,BENIGN
440,134.221.96.0-76.236.5.78,BENIGN
441,134.221.96.10-136.19.5.78,BENIGN
442,134.221.96.10-151.151.0.137,BENIGN
443,134.221.96.10-151.151.0.152,BENIGN
444,134.221.96.10-157.245.5.78,BENIGN
445,134.221.96.10-189.214.5.78,BENIGN
446,134.221.96.10-208.72.0.232,BENIGN
447,134.221.96.10-208.72.0.51,BENIGN
448,134.221.96.10-208.72.5.78,BENIGN
449,134.221.96.10-209.72.5.78,BENIGN
450,134.221.96.10-43.219.5.78,BENIGN
451,134.221.96.10-66.86.5.78,BENIGN
452,134.221.96.11-140.69.5.78,BENIGN
453,134.221.96.11-171.200.0.70,BENIGN
454,134.221.96.11-178.152.0.44,BENIGN
455,134.221.96.11-183.9.5.78,BENIGN
456,134.221.96.11-209.232.5.78,BENIGN
457,134.221.96.11-255.52.0.70,BENIGN
458,134.221.96.11-53.12.5.78,BENIGN
459,134.221.96.11-8.42.5.78,BENIGN
460,134.221.96.11-80.5.5.78,BENIGN
461,134.221.96.11-9.253.5.78,BENIGN
462,134.221.96.12-144.90.0.70,BENIGN
463,134.221.96.12-159.45.5.78,BENIGN
464,134.221.96.12-162.46.5.78,BENIGN
465,134.221.96.12-194.129.0.129,BENIGN
466,134.221.96.12-194.129.0.161,BENIGN
467,134.221.96.12-194.129.0.87,BENIGN
468,134.221.96.12-213.49.5.78,BENIGN
469,134.221.96.12-231.154.5.78,BENIGN
470,134.221.96.12-252.37.5.78,BENIGN
471,134.221.96.12-32.69.5.78,BENIGN
472,134.221.96.12-38.150.5.78,BENIGN
473,134.221.96.12-52.31.5.78,BENIGN
474,134.221.96.13-148.206.5.78,BENIGN
475,134.221.96.13-159.109.0.129,BENIGN
476,134.221.96.13-159.109.0.161,BENIGN
477,134.221.96.13-160.38.5.78,BENIGN
478,134.221.96.13-163.165.5.78,BENIGN
479,134.221.96.13-187.185.5.78,BENIGN
480,134.221.96.13-235.99.5.78,BENIGN
481,134.221.96.13-237.50.5.78,BENIGN
482,134.221.96.13-248.112.5.78,BENIGN
483,134.221.96.13-35.218.5.78,BENIGN
484,134.221.96.13-51.173.5.78,BENIGN
485,134.221.96.13-66.247.5.78,BENIGN
486,134.221.96.13-70.140.0.70,BENIGN
487,134.221.96.13-8.42.5.78,BENIGN
488,134.221.96.14-157.1.5.78,BENIGN
489,134.221.96.14-177.75.5.78,BENIGN
490,134.221.96.14-184.244.5.78,BENIGN
491,134.221.96.14-219.162.5.78,BENIGN
492,134.221.96.14-40.96.5.78,BENIGN
493,134.221.96.14-41.95.0.44,BENIGN
494,134.221.96.14-96.115.5.78,BENIGN
495,134.221.96.15-145.152.5.78,BENIGN
496,134.221.96.15-158.152.5.78,BENIGN
497,134.221.96.15-176.46.5.78,BENIGN
498,134.221.96.15-2.186.0.70,BENIGN
499,134.221.96.15-221.40.5.78,BENIGN
500,134.221.96.15-236.140.5.78,BENIGN
501,134.221.96.15-70.254.5.78,BENIGN
502,134.221.96.15-9.176.5.78,BENIGN
503,134.221.96.15-95.135.5.78,BENIGN
504,134.221.96.15-99.194.5.78,BENIGN
505,134.221.96.2-141.225.5.78,BENIGN
506,134.221.96.2-175.155.5.78,BENIGN
507,134.221.96.2-188.141.5.78,BENIGN
508,134.221.96.2-245.179.0.70,BENIGN
509,134.221.96.2-50.159.5.78,BENIGN
510,134.221.96.3-179.17.5.78,BENIGN
511,134.221.96.3-212.229.0.217,BENIGN
512,134.221.96.3-212.229.0.48,BENIGN
513,134.221.96.3-212.229.0.83,BENIGN
514,134.221.96.3-221.78.5.78,BENIGN
515,134.221.96.3-234.34.5.78,BENIGN
516,134.221.96.3-60.156.5.78,BENIGN
517,134.221.96.3-7.112.5.78,BENIGN
518,134.221.96.4-143.105.5.78,BENIGN
519,134.221.96.4-155.154.5.78,BENIGN
520,134.221.96.4-230.147.5.78,BENIGN
521,134.221.96.4-249.245.5.78,BENIGN
522,134.221.96.4-67.183.5.78,BENIGN
523,134.221.96.4-82.148.5.78,BENIGN
524,134.221.96.4-9.205.5.78,BENIGN
525,134.221.96.5-147.224.0.70,BENIGN
526,134.221.96.5-153.194.5.78,BENIGN
527,134.221.96.5-163.80.0.113,BENIGN
528,134.221.96.5-163.80.0.120,BENIGN
529,134.221.96.5-163.80.0.152,BENIGN
530,134.221.96.5-163.80.0.40,BENIGN
531,134.221.96.5-163.80.0.57,BENIGN
532,134.221.96.5-163.80.0.86,BENIGN
533,134.221.96.5-167.108.5.78,BENIGN
534,134.221.96.5-23.146.5.78,BENIGN
535,134.221.96.5-237.210.5.78,BENIGN
536,134.221.96.5-239.18.5.78,BENIGN
537,134.221.96.5-248.117.5.78,BENIGN
538,134.221.96.5-85.101.5.78,BENIGN
539,134.221.96.6-19.126.5.78,BENIGN
540,134.221.96.6-221.197.5.78,BENIGN
541,134.221.96.6-244.148.0.144,BENIGN
542,134.221.96.6-254.209.5.78,BENIGN
543,134.221.96.6-50.109.5.78,BENIGN
544,134.221.96.6-81.145.5.78,BENIGN
545,134.221.96.6-94.19.5.78,BENIGN
546,134.221.96.7-149.58.5.78,BENIGN
547,134.221.96.7-167.186.5.78,BENIGN
548,134.221.96.7-199.117.5.78,BENIGN
549,134.221.96.7-200.114.5.78,BENIGN
550,134.221.96.7-231.124.5.78,BENIGN
551,134.221.96.7-40.185.0.129,BENIGN
552,134.221.96.7-40.185.0.161,BENIGN
553,134.221.96.7-40.185.0.87,BENIGN
554,134.221.96.7-86.44.5.78,BENIGN
555,134.221.96.8-185.109.5.78,BENIGN
556,134.221.96.8-185.160.5.78,BENIGN
557,134.221.96.8-186.110.0.120,BENIGN
558,134.221.96.8-186.110.0.152,BENIGN
559,134.221.96.8-186.110.0.40,BENIGN
560,134.221.96.8-186.110.0.69,BENIGN
561,134.221.96.8-186.110.0.86,BENIGN
562,134.221.96.8-186.110.0.98,BENIGN
563,134.221.96.8-252.222.5.78,BENIGN
564,134.221.96.8-93.126.5.78,BENIGN
565,134.221.96.9-148.151.5.78,BENIGN
566,134.221.96.9-154.212.5.78,BENIGN
567,134.221.96.9-159.57.5.78,BENIGN
568,134.221.96.9-171.173.5.78,BENIGN
569,134.221.96.9-203.71.5.78,BENIGN
570,134.221.96.9-206.146.5.78,BENIGN
571,134.221.96.9-211.143.5.78,BENIGN
572,134.221.96.9-255.111.5.78,BENIGN
573,134.221.96.9-45.234.0.101,BENIGN
574,134.221.96.9-45.234.0.108,BENIGN
575,134.221.96.9-45.234.0.125,BENIGN
576,134.221.96.9-45.234.0.40,BENIGN
577,134.221.96.9-45.234.0.41,BENIGN
578,134.221.96.9-45.234.0.69,BENIGN
579,134.221.96.9-45.234.0.70,BENIGN
580,134.221.96.9-45.234.0.78,BENIGN
581,134.221.96.9-45.234.0.79,BENIGN
582,134.221.96.9-62.90.5.78,BENIGN
583,136.243.209.34-192.168.1.123,MALICIOUS
584,136.243.91.74-192.168.1.113,BENIGN
585,137.116.136.137-192.168.1.55,BENIGN
586,138.68.249.192-192.168.1.55,BENIGN
587,139.162.198.19-192.168.0.104,BENIGN
588,139.59.33.202-192.168.1.126,MALICIOUS
589,139.59.33.202-192.168.1.127,MALICIOUS
590,139.99.121.122-192.168.0.104,BENIGN
591,139.99.121.122-192.168.1.164,BENIGN
592,139.99.62.211-192.168.1.55,BENIGN
593,14.225.10.21-192.168.1.164,BENIGN
594,140.82.113.25-192.168.1.55,BENIGN
595,140.82.113.26-192.168.1.55,BENIGN
596,140.82.114.25-192.168.1.55,BENIGN
597,140.82.114.26-192.168.1.55,BENIGN
598,144.2.3.1-192.168.0.104,BENIGN
599,144.2.3.1-192.168.1.164,BENIGN
600,144.2.3.5-192.168.1.164,BENIGN
601,144.2.3.5-192.168.1.55,BENIGN
602,144.2.4.1-192.168.1.55,BENIGN
603,147.135.144.28-192.168.1.130,MALICIOUS
604,147.32.83.56-192.168.1.118,MALICIOUS
605,147.32.83.56-192.168.1.121,MALICIOUS
606,147.32.83.56-192.168.1.126,MALICIOUS
607,149.154.164.224-192.168.0.104,BENIGN
608,149.154.164.225-192.168.1.164,BENIGN
609,149.154.164.3-192.168.1.55,BENIGN
610,149.154.167.124-192.168.1.164,BENIGN
611,149.154.167.99-192.168.0.104,BENIGN
612,149.154.171.146-192.168.0.104,BENIGN
613,149.154.171.146-192.168.1.164,BENIGN
614,151.101.1.69-192.168.0.104,BENIGN
615,151.101.1.69-192.168.1.164,BENIGN
616,151.101.1.69-192.168.1.55,BENIGN
617,151.101.10.109-192.168.1.55,BENIGN
618,151.101.10.110-192.168.1.55,BENIGN
619,151.101.129.69-192.168.0.104,BENIGN
620,151.101.129.69-192.168.1.164,BENIGN
621,151.101.130.109-192.168.1.55,BENIGN
622,151.101.188.134-192.168.1.164,BENIGN
623,151.101.188.64-192.168.1.164,BENIGN
624,151.101.192.134-192.168.1.164,BENIGN
625,151.101.193.69-192.168.0.104,BENIGN
626,151.101.193.69-192.168.1.164,BENIGN
627,151.101.193.69-192.168.1.55,BENIGN
628,151.101.194.49-192.168.1.55,BENIGN
629,151.101.2.49-192.168.0.104,BENIGN
630,151.101.229.137-192.168.1.164,BENIGN
631,151.101.230.109-192.168.1.164,BENIGN
632,151.101.40.193-192.168.1.164,BENIGN
633,151.101.52.193-192.168.1.164,BENIGN
634,151.101.64.114-192.168.1.55,BENIGN
635,151.101.65.69-192.168.0.104,BENIGN
636,151.101.65.69-192.168.1.164,BENIGN
637,151.101.65.69-192.168.1.55,BENIGN
638,151.101.66.49-192.168.0.104,BENIGN
639,151.101.76.133-192.168.0.104,BENIGN
640,151.101.76.143-192.168.0.104,BENIGN
641,151.101.77.140-192.168.0.104,BENIGN
642,151.101.78.110-192.168.0.104,BENIGN
643,151.101.78.114-192.168.0.104,BENIGN
644,151.101.78.165-192.168.0.104,BENIGN
645,151.101.78.2-192.168.0.104,BENIGN
646,151.101.8.133-192.168.1.55,BENIGN
647,151.101.8.143-192.168.1.55,BENIGN
648,151.101.8.157-192.168.1.55,BENIGN
649,151.101.9.137-192.168.1.55,BENIGN
650,151.139.128.14-192.168.1.55,BENIGN
651,151.139.242.29-192.168.1.164,BENIGN
652,151.139.242.29-192.168.1.55,BENIGN
653,152.199.38.160-192.168.1.55,BENIGN
654,157.230.241.118-192.168.1.55,BENIGN
655,157.230.241.194-192.168.1.55,BENIGN
656,157.240.13.19-192.168.1.55,BENIGN
657,157.240.15.16-192.168.1.164,BENIGN
658,157.240.15.17-192.168.1.55,BENIGN
659,157.240.15.22-192.168.1.164,BENIGN
660,157.240.15.22-192.168.1.55,BENIGN
661,157.240.15.35-192.168.1.164,BENIGN
662,157.240.15.35-192.168.1.55,BENIGN
663,157.240.15.6-192.168.1.164,BENIGN
664,157.240.7.21-192.168.1.55,BENIGN
665,157.240.7.26-192.168.1.55,BENIGN
666,157.55.135.130-192.168.0.104,BENIGN
667,159.65.232.112-192.168.1.164,BENIGN
668,162.247.242.20-192.168.0.104,BENIGN
669,162.247.242.21-192.168.1.55,BENIGN
670,162.255.119.249-192.168.1.110,MALICIOUS
671,163.172.81.35-192.168.1.126,MALICIOUS
672,163.172.81.35-192.168.1.127,MALICIOUS
673,167.114.170.15-192.168.0.104,BENIGN
674,168.63.242.221-192.168.1.164,BENIGN
675,169.254.103.100-224.0.0.251,BENIGN
676,169.254.255.255-169.254.30.131,BENIGN
677,169.254.30.131-224.0.0.252,BENIGN
678,169.254.97.225-224.0.0.22,BENIGN
679,169.254.97.225-224.0.0.251,BENIGN
680,169.254.97.225-239.255.255.250,BENIGN
681,169.48.219.66-192.168.1.55,BENIGN
682,17.134.126.34-192.168.0.104,BENIGN
683,17.134.127.223-192.168.0.104,BENIGN
684,17.134.127.249-192.168.0.104,BENIGN
685,17.134.127.249-192.168.1.164,BENIGN
686,17.134.127.249-192.168.1.55,BENIGN
687,17.134.127.250-192.168.0.104,BENIGN
688,17.134.127.250-192.168.1.164,BENIGN
689,17.134.127.250-192.168.1.55,BENIGN
690,17.134.127.79-192.168.0.104,BENIGN
691,17.134.127.79-192.168.1.164,BENIGN
692,17.134.127.97-192.168.0.104,BENIGN
693,17.134.127.97-192.168.1.164,BENIGN
694,17.142.169.200-192.168.1.164,BENIGN
695,17.142.171.10-192.168.0.104,BENIGN
696,17.142.171.10-192.168.1.164,BENIGN
697,17.142.171.11-192.168.0.104,BENIGN
698,17.142.171.11-192.168.1.164,BENIGN
699,17.142.171.12-192.168.1.164,BENIGN
700,17.142.171.13-192.168.0.104,BENIGN
701,17.142.171.14-192.168.0.104,BENIGN
702,17.142.171.14-192.168.1.164,BENIGN
703,17.142.171.8-192.168.1.55,BENIGN
704,17.142.171.9-192.168.1.55,BENIGN
705,17.146.232.38-192.168.1.164,BENIGN
706,17.146.232.42-192.168.1.164,BENIGN
707,17.167.192.128-192.168.1.164,BENIGN
708,17.167.192.128-192.168.1.55,BENIGN
709,17.167.192.225-192.168.1.55,BENIGN
710,17.167.192.231-192.168.1.55,BENIGN
711,17.167.192.94-192.168.1.164,BENIGN
712,17.167.194.149-192.168.1.164,BENIGN
713,17.167.194.149-192.168.1.55,BENIGN
714,17.167.194.230-192.168.1.164,BENIGN
715,17.167.195.228-192.168.1.164,BENIGN
716,17.171.98.2-192.168.0.104,BENIGN
717,17.171.98.3-192.168.0.104,BENIGN
718,17.179.252.2-192.168.1.55,BENIGN
719,17.179.252.32-192.168.1.55,BENIGN
720,17.242.18.66-192.168.1.164,BENIGN
721,17.242.28.79-192.168.0.104,BENIGN
722,17.248.154.100-192.168.1.55,BENIGN
723,17.248.154.108-192.168.1.164,BENIGN
724,17.248.154.108-192.168.1.55,BENIGN
725,17.248.154.109-192.168.1.164,BENIGN
726,17.248.154.143-192.168.1.55,BENIGN
727,17.248.154.145-192.168.1.55,BENIGN
728,17.248.154.147-192.168.1.164,BENIGN
729,17.248.154.171-192.168.1.55,BENIGN
730,17.248.154.177-192.168.1.164,BENIGN
731,17.248.154.200-192.168.1.55,BENIGN
732,17.248.154.203-192.168.1.55,BENIGN
733,17.248.154.206-192.168.1.55,BENIGN
734,17.248.154.208-192.168.1.55,BENIGN
735,17.248.154.209-192.168.1.164,BENIGN
736,17.248.154.209-192.168.1.55,BENIGN
737,17.248.154.229-192.168.1.55,BENIGN
738,17.248.154.233-192.168.1.164,BENIGN
739,17.248.154.237-192.168.1.55,BENIGN
740,17.248.154.238-192.168.1.55,BENIGN
741,17.248.154.240-192.168.1.55,BENIGN
742,17.248.154.5-192.168.1.55,BENIGN
743,17.248.154.77-192.168.1.164,BENIGN
744,17.248.154.77-192.168.1.55,BENIGN
745,17.248.154.8-192.168.1.164,BENIGN
746,17.248.154.81-192.168.1.55,BENIGN
747,17.248.154.82-192.168.1.55,BENIGN
748,17.248.154.9-192.168.1.164,BENIGN
749,17.248.156.12-192.168.0.104,BENIGN
750,17.248.156.15-192.168.1.164,BENIGN
751,17.248.158.204-192.168.0.104,BENIGN
752,17.248.158.214-192.168.0.104,BENIGN
753,17.248.159.117-192.168.0.104,BENIGN
754,17.248.159.176-192.168.0.104,BENIGN
755,17.248.159.242-192.168.1.164,BENIGN
756,17.249.82.18-192.168.1.55,BENIGN
757,17.250.120.110-192.168.1.164,BENIGN
758,17.250.120.241-192.168.0.104,BENIGN
759,17.250.120.80-192.168.0.104,BENIGN
760,17.250.9.5-192.168.1.55,BENIGN
761,17.252.140.221-192.168.1.164,BENIGN
762,17.252.194.199-192.168.1.55,BENIGN
763,17.252.201.246-192.168.1.164,BENIGN
764,17.252.201.246-192.168.1.55,BENIGN
765,17.252.226.85-192.168.1.55,BENIGN
766,17.253.114.125-192.168.1.164,BENIGN
767,17.253.82.125-192.168.0.104,BENIGN
768,17.253.82.125-192.168.1.164,BENIGN
769,17.253.82.125-192.168.1.55,BENIGN
770,17.253.82.253-192.168.0.104,BENIGN
771,17.253.82.253-192.168.1.164,BENIGN
772,17.253.82.253-192.168.1.55,BENIGN
773,17.253.84.123-192.168.0.104,BENIGN
774,17.253.84.123-192.168.1.164,BENIGN
775,17.253.84.123-192.168.1.55,BENIGN
776,17.253.84.125-192.168.1.164,BENIGN
777,17.253.84.125-192.168.1.55,BENIGN
778,17.253.84.251-192.168.0.104,BENIGN
779,17.253.84.251-192.168.1.164,BENIGN
780,17.253.84.251-192.168.1.55,BENIGN
781,17.253.84.253-192.168.0.104,BENIGN
782,17.253.84.253-192.168.1.164,BENIGN
783,17.253.84.253-192.168.1.55,BENIGN
784,17.253.85.201-192.168.1.55,BENIGN
785,17.253.85.203-192.168.0.104,BENIGN
786,17.253.85.203-192.168.1.55,BENIGN
787,17.253.85.205-192.168.1.55,BENIGN
788,17.253.85.207-192.168.1.55,BENIGN
789,17.253.87.203-192.168.1.164,BENIGN
790,17.253.87.204-192.168.1.164,BENIGN
791,17.253.87.208-192.168.1.164,BENIGN
792,17.254.32.16-192.168.1.55,BENIGN
793,17.56.140.32-192.168.1.55,BENIGN
794,17.57.145.68-192.168.1.55,BENIGN
795,171.244.128.3-192.168.1.55,BENIGN
796,171.244.3.40-192.168.1.55,BENIGN
797,171.255.193.185-192.168.1.55,BENIGN
798,171.255.193.187-192.168.1.55,BENIGN
799,171.255.198.17-192.168.1.55,BENIGN
800,171.255.198.18-192.168.1.55,BENIGN
801,171.255.198.81-192.168.1.55,BENIGN
802,171.255.198.82-192.168.1.55,BENIGN
803,172.104.45.105-192.168.1.164,BENIGN
804,172.104.47.88-192.168.1.55,BENIGN
805,172.217.161.129-192.168.1.164,BENIGN
806,172.217.161.130-192.168.1.164,BENIGN
807,172.217.161.130-192.168.1.55,BENIGN
808,172.217.161.131-192.168.1.164,BENIGN
809,172.217.161.131-192.168.1.55,BENIGN
810,172.217.161.132-192.168.1.164,BENIGN
811,172.217.161.132-192.168.1.55,BENIGN
812,172.217.161.138-192.168.0.104,BENIGN
813,172.217.161.138-192.168.1.164,BENIGN
814,172.217.161.138-192.168.1.55,BENIGN
815,172.217.161.141-192.168.1.55,BENIGN
816,172.217.161.142-192.168.1.164,BENIGN
817,172.217.161.142-192.168.1.55,BENIGN
818,172.217.161.162-192.168.1.164,BENIGN
819,172.217.161.162-192.168.1.55,BENIGN
820,172.217.161.163-192.168.0.104,BENIGN
821,172.217.161.163-192.168.1.164,BENIGN
822,172.217.161.163-192.168.1.55,BENIGN
823,172.217.161.164-192.168.1.55,BENIGN
824,172.217.161.168-192.168.1.164,BENIGN
825,172.217.161.168-192.168.1.55,BENIGN
826,172.217.161.170-192.168.0.104,BENIGN
827,172.217.161.170-192.168.1.55,BENIGN
828,172.217.161.174-192.168.0.104,BENIGN
829,172.217.161.174-192.168.1.55,BENIGN
830,172.217.161.182-192.168.1.55,BENIGN
831,172.217.163.225-192.168.1.55,BENIGN
832,172.217.163.226-192.168.1.55,BENIGN
833,172.217.163.227-192.168.1.55,BENIGN
834,172.217.163.228-192.168.1.55,BENIGN
835,172.217.163.232-192.168.1.55,BENIGN
836,172.217.163.234-192.168.1.55,BENIGN
837,172.217.163.238-192.168.1.55,BENIGN
838,172.217.167.227-192.168.1.55,BENIGN
839,172.217.194.100-192.168.0.104,BENIGN
840,172.217.24.193-192.168.0.104,BENIGN
841,172.217.24.193-192.168.1.164,BENIGN
842,172.217.24.193-192.168.1.55,BENIGN
843,172.217.24.194-192.168.0.104,BENIGN
844,172.217.24.194-192.168.1.55,BENIGN
845,172.217.24.195-192.168.0.104,BENIGN
846,172.217.24.195-192.168.1.164,BENIGN
847,172.217.24.195-192.168.1.55,BENIGN
848,172.217.24.196-192.168.0.104,BENIGN
849,172.217.24.196-192.168.1.55,BENIGN
850,172.217.24.200-192.168.0.104,BENIGN
851,172.217.24.202-192.168.1.55,BENIGN
852,172.217.24.205-192.168.0.104,BENIGN
853,172.217.24.205-192.168.1.164,BENIGN
854,172.217.24.206-192.168.0.104,BENIGN
855,172.217.24.206-192.168.1.164,BENIGN
856,172.217.24.206-192.168.1.55,BENIGN
857,172.217.24.33-192.168.1.55,BENIGN
858,172.217.24.34-192.168.1.55,BENIGN
859,172.217.24.35-192.168.1.55,BENIGN
860,172.217.24.36-192.168.1.55,BENIGN
861,172.217.24.40-192.168.0.104,BENIGN
862,172.217.24.40-192.168.1.55,BENIGN
863,172.217.24.42-192.168.1.55,BENIGN
864,172.217.24.46-192.168.0.104,BENIGN
865,172.217.24.46-192.168.1.55,BENIGN
866,172.217.24.65-192.168.1.55,BENIGN
867,172.217.24.66-192.168.1.55,BENIGN
868,172.217.24.67-192.168.1.55,BENIGN
869,172.217.24.68-192.168.1.55,BENIGN
870,172.217.24.72-192.168.1.55,BENIGN
871,172.217.24.74-192.168.1.55,BENIGN
872,172.217.24.78-192.168.1.55,BENIGN
873,172.217.24.86-192.168.1.55,BENIGN
874,172.217.25.10-192.168.0.104,BENIGN
875,172.217.25.10-192.168.1.55,BENIGN
876,172.217.25.14-192.168.1.55,BENIGN
877,172.217.25.2-192.168.1.55,BENIGN
878,172.217.25.3-192.168.1.55,BENIGN
879,172.217.25.4-192.168.1.55,BENIGN
880,172.217.25.8-192.168.1.55,BENIGN
881,172.217.26.129-192.168.1.55,BENIGN
882,172.217.26.131-192.168.1.55,BENIGN
883,172.217.26.136-192.168.1.55,BENIGN
884,172.217.26.138-192.168.1.55,BENIGN
885,172.217.26.141-192.168.1.55,BENIGN
886,172.217.26.142-192.168.1.55,BENIGN
887,172.217.31.132-192.168.1.164,BENIGN
888,172.217.31.225-192.168.1.55,BENIGN
889,172.217.31.226-192.168.1.55,BENIGN
890,172.217.31.227-192.168.0.104,BENIGN
891,172.217.31.227-192.168.1.55,BENIGN
892,172.217.31.228-192.168.1.55,BENIGN
893,172.217.31.232-192.168.1.55,BENIGN
894,172.217.31.234-192.168.0.104,BENIGN
895,172.217.31.234-192.168.1.55,BENIGN
896,172.217.31.238-192.168.1.55,BENIGN
897,172.217.31.246-192.168.1.55,BENIGN
898,172.93.54.93-192.168.1.113,MALICIOUS
899,172.93.54.93-192.168.1.117,MALICIOUS
900,172.93.54.93-192.168.1.118,MALICIOUS
901,172.93.54.93-192.168.1.120,MALICIOUS
902,172.93.54.93-192.168.1.121,MALICIOUS
903,172.93.54.93-192.168.1.125,MALICIOUS
904,173.192.91.158-192.168.0.104,BENIGN
905,173.194.184.202-192.168.1.164,BENIGN
906,173.8.189.196-192.168.1.120,MALICIOUS
907,174.129.206.210-192.168.0.104,BENIGN
908,174.138.11.135-192.168.0.104,BENIGN
909,176.56.184.37-192.168.1.113,MALICIOUS
910,176.9.116.3-192.168.1.122,MALICIOUS
911,178.128.255.192-192.168.1.55,BENIGN
912,178.18.125.1-192.168.1.116,MALICIOUS
913,178.32.255.130-192.168.1.121,MALICIOUS
914,178.63.70.146-192.168.1.55,BENIGN
915,178.79.172.45-192.168.1.113,MALICIOUS
916,178.79.172.45-192.168.1.117,MALICIOUS
917,178.79.172.45-192.168.1.118,MALICIOUS
918,178.79.172.45-192.168.1.120,MALICIOUS
919,178.79.172.45-192.168.1.121,MALICIOUS
920,178.79.172.45-192.168.1.125,MALICIOUS
921,178.79.172.45-192.168.1.126,MALICIOUS
922,178.79.172.45-192.168.1.127,MALICIOUS
923,18.136.68.96-192.168.1.164,BENIGN
924,18.136.7.213-192.168.1.164,BENIGN
925,18.136.80.108-192.168.1.164,BENIGN
926,18.139.169.218-192.168.1.55,BENIGN
927,18.179.232.18-192.168.0.104,BENIGN
928,18.204.33.30-192.168.1.55,BENIGN
929,182.161.72.147-192.168.1.55,BENIGN
930,182.161.72.94-192.168.0.104,BENIGN
931,182.254.218.183-192.168.1.2,MALICIOUS
932,183.80.129.17-192.168.1.164,BENIGN
933,183.80.129.18-192.168.1.164,BENIGN
934,183.80.211.81-192.168.1.164,BENIGN
935,183.80.211.82-192.168.1.164,BENIGN
936,184.28.218.130-192.168.1.55,BENIGN
937,184.29.32.107-192.168.1.164,BENIGN
938,184.29.32.43-192.168.1.55,BENIGN
939,184.85.119.76-192.168.1.55,BENIGN
940,184.87.133.77-192.168.1.55,BENIGN
941,185.129.148.246-192.168.1.116,MALICIOUS
942,185.145.253.60-192.168.1.115,MALICIOUS
943,185.146.170.254-192.168.1.110,MALICIOUS
944,185.180.198.147-192.168.1.116,MALICIOUS
945,185.199.109.154-192.168.1.55,BENIGN
946,185.199.111.153-192.168.0.104,BENIGN
947,185.199.111.154-192.168.1.55,BENIGN
948,185.53.179.29-192.168.1.2,MALICIOUS
949,185.84.60.26-192.168.1.55,BENIGN
950,188.166.54.177-192.168.1.164,BENIGN
951,188.226.154.38-192.168.1.116,MALICIOUS
952,190.138.249.45-192.168.1.130,MALICIOUS
953,191.239.213.197-192.168.1.110,BENIGN
954,192.0.123.249-192.168.0.104,BENIGN
955,192.0.72.31-192.168.0.104,BENIGN
956,192.0.73.2-192.168.0.104,BENIGN
957,192.0.73.2-192.168.1.164,BENIGN
958,192.0.73.2-192.168.1.55,BENIGN
959,192.0.76.3-192.168.0.104,BENIGN
960,192.0.77.2-192.168.0.104,BENIGN
961,192.0.77.2-192.168.1.55,BENIGN
962,192.0.77.32-192.168.0.104,BENIGN
963,192.0.77.48-192.168.1.164,BENIGN
964,192.0.78.18-192.168.0.104,BENIGN
965,192.0.78.22-192.168.0.104,BENIGN
966,192.0.78.24-192.168.0.104,BENIGN
967,192.155.83.86-192.168.1.113,MALICIOUS
968,192.155.83.86-192.168.1.117,MALICIOUS
969,192.155.83.86-192.168.1.118,MALICIOUS
970,192.155.83.86-192.168.1.120,MALICIOUS
971,192.155.83.86-192.168.1.121,MALICIOUS
972,192.155.83.86-192.168.1.125,MALICIOUS
973,192.155.83.86-192.168.1.126,MALICIOUS
974,192.155.83.86-192.168.1.127,MALICIOUS
975,192.168.0.1-192.168.0.104,BENIGN
976,192.168.0.1-224.0.0.1,BENIGN
977,192.168.0.1-239.255.255.250,BENIGN
978,192.168.0.1-255.255.255.255,BENIGN
979,192.168.0.100-239.255.255.250,BENIGN
980,192.168.0.103-192.168.0.104,BENIGN
981,192.168.0.103-192.168.0.255,BENIGN
982,192.168.0.103-224.0.0.2,BENIGN
983,192.168.0.103-224.0.0.251,BENIGN
984,192.168.0.103-224.0.0.252,BENIGN
985,192.168.0.103-239.192.152.143,BENIGN
986,192.168.0.103-239.255.255.250,BENIGN
987,192.168.0.104-192.168.0.130,BENIGN
988,192.168.0.104-192.168.0.255,BENIGN
989,192.168.0.104-192.229.237.25,BENIGN
990,192.168.0.104-192.229.237.96,BENIGN
991,192.168.0.104-198.252.206.25,BENIGN
992,192.168.0.104-204.11.110.72,BENIGN
993,192.168.0.104-207.244.78.26,BENIGN
994,192.168.0.104-209.197.3.15,BENIGN
995,192.168.0.104-209.58.137.71,BENIGN
996,192.168.0.104-216.239.32.116,BENIGN
997,192.168.0.104-216.58.197.106,BENIGN
998,192.168.0.104-216.58.199.10,BENIGN
999,192.168.0.104-216.58.199.22,BENIGN
1000,192.168.0.104-216.58.199.99,BENIGN
1001,192.168.0.104-216.58.200.1,BENIGN
1002,192.168.0.104-216.58.200.10,BENIGN
1003,192.168.0.104-216.58.200.14,BENIGN
1004,192.168.0.104-216.58.200.2,BENIGN
1005,192.168.0.104-216.58.200.3,BENIGN
1006,192.168.0.104-216.58.200.4,BENIGN
1007,192.168.0.104-216.58.200.8,BENIGN
1008,192.168.0.104-216.58.202.195,BENIGN
1009,192.168.0.104-216.58.203.10,BENIGN
1010,192.168.0.104-216.58.203.14,BENIGN
1011,192.168.0.104-216.58.203.3,BENIGN
1012,192.168.0.104-216.58.220.194,BENIGN
1013,192.168.0.104-216.58.220.200,BENIGN
1014,192.168.0.104-216.58.220.202,BENIGN
1015,192.168.0.104-216.58.220.214,BENIGN
1016,192.168.0.104-216.58.221.112,BENIGN
1017,192.168.0.104-216.58.221.130,BENIGN
1018,192.168.0.104-216.58.221.226,BENIGN
1019,192.168.0.104-216.58.221.234,BENIGN
1020,192.168.0.104-224.0.0.251,BENIGN
1021,192.168.0.104-23.111.9.22,BENIGN
1022,192.168.0.104-23.194.137.134,BENIGN
1023,192.168.0.104-23.21.121.219,BENIGN
1024,192.168.0.104-23.50.12.63,BENIGN
1025,192.168.0.104-23.53.209.60,BENIGN
1026,192.168.0.104-23.53.210.114,BENIGN
1027,192.168.0.104-23.53.210.71,BENIGN
1028,192.168.0.104-23.79.102.139,BENIGN
1029,192.168.0.104-23.79.108.81,BENIGN
1030,192.168.0.104-23.79.119.242,BENIGN
1031,192.168.0.104-23.79.97.206,BENIGN
1032,192.168.0.104-239.255.255.250,BENIGN
1033,192.168.0.104-31.13.95.12,BENIGN
1034,192.168.0.104-31.13.95.36,BENIGN
1035,192.168.0.104-31.13.95.37,BENIGN
1036,192.168.0.104-31.13.95.8,BENIGN
1037,192.168.0.104-34.195.196.224,BENIGN
1038,192.168.0.104-34.196.224.14,BENIGN
1039,192.168.0.104-34.213.23.47,BENIGN
1040,192.168.0.104-34.251.206.154,BENIGN
1041,192.168.0.104-35.153.92.190,BENIGN
1042,192.168.0.104-35.190.59.101,BENIGN
1043,192.168.0.104-35.201.117.115,BENIGN
1044,192.168.0.104-35.201.67.47,BENIGN
1045,192.168.0.104-35.201.98.64,BENIGN
1046,192.168.0.104-35.231.145.151,BENIGN
1047,192.168.0.104-40.126.12.226,BENIGN
1048,192.168.0.104-40.79.78.1,BENIGN
1049,192.168.0.104-5.9.15.86,BENIGN
1050,192.168.0.104-51.140.98.69,BENIGN
1051,192.168.0.104-52.1.53.105,BENIGN
1052,192.168.0.104-52.109.12.23,BENIGN
1053,192.168.0.104-52.109.120.3,BENIGN
1054,192.168.0.104-52.109.120.4,BENIGN
1055,192.168.0.104-52.109.124.1,BENIGN
1056,192.168.0.104-52.109.124.18,BENIGN
1057,192.168.0.104-52.109.124.4,BENIGN
1058,192.168.0.104-52.109.124.5,BENIGN
1059,192.168.0.104-52.109.56.34,BENIGN
1060,192.168.0.104-52.109.88.38,BENIGN
1061,192.168.0.104-52.114.158.50,BENIGN
1062,192.168.0.104-52.21.166.195,BENIGN
1063,192.168.0.104-52.216.106.238,BENIGN
1064,192.168.0.104-52.218.210.10,BENIGN
1065,192.168.0.104-52.25.109.230,BENIGN
1066,192.168.0.104-52.46.128.194,BENIGN
1067,192.168.0.104-52.46.157.171,BENIGN
1068,192.168.0.104-52.74.223.119,BENIGN
1069,192.168.0.104-52.76.99.39,BENIGN
1070,192.168.0.104-52.77.72.143,BENIGN
1071,192.168.0.104-52.84.227.120,BENIGN
1072,192.168.0.104-52.85.158.122,BENIGN
1073,192.168.0.104-52.85.158.171,BENIGN
1074,192.168.0.104-52.85.158.197,BENIGN
1075,192.168.0.104-52.85.158.22,BENIGN
1076,192.168.0.104-52.85.158.47,BENIGN
1077,192.168.0.104-52.94.225.95,BENIGN
1078,192.168.0.104-52.94.240.125,BENIGN
1079,192.168.0.104-54.169.195.247,BENIGN
1080,192.168.0.104-54.186.220.224,BENIGN
1081,192.168.0.104-54.192.75.111,BENIGN
1082,192.168.0.104-54.192.75.198,BENIGN
1083,192.168.0.104-54.225.175.188,BENIGN
1084,192.168.0.104-54.235.77.9,BENIGN
1085,192.168.0.104-66.225.223.51,BENIGN
1086,192.168.0.104-67.43.14.97,BENIGN
1087,192.168.0.104-68.232.44.114,BENIGN
1088,192.168.0.104-74.125.128.94,BENIGN
1089,192.168.0.104-74.125.170.123,BENIGN
1090,192.168.0.104-74.125.203.188,BENIGN
1091,192.168.0.104-74.125.204.156,BENIGN
1092,192.168.0.104-74.125.204.157,BENIGN
1093,192.168.0.104-74.125.204.94,BENIGN
1094,192.168.0.104-74.125.204.95,BENIGN
1095,192.168.0.104-74.125.23.94,BENIGN
1096,192.168.0.104-74.6.47.80,BENIGN
1097,192.168.0.104-89.221.254.214,BENIGN
1098,192.168.0.104-96.47.70.132,BENIGN
1099,192.168.0.107-224.0.0.251,BENIGN
1100,192.168.0.109-224.0.0.251,BENIGN
1101,192.168.0.111-239.255.255.250,BENIGN
1102,192.168.0.113-224.0.0.251,BENIGN
1103,192.168.0.118-224.0.0.251,BENIGN
1104,192.168.0.120-224.0.0.251,BENIGN
1105,192.168.0.121-239.255.255.251,BENIGN
1106,192.168.0.126-224.0.0.2,BENIGN
1107,192.168.0.126-224.0.0.251,BENIGN
1108,192.168.0.126-239.255.255.250,BENIGN
1109,192.168.0.128-192.168.0.255,BENIGN
1110,192.168.0.128-224.0.0.2,BENIGN
1111,192.168.0.128-224.0.0.251,BENIGN
1112,192.168.0.128-224.0.0.252,BENIGN
1113,192.168.0.128-239.255.255.250,BENIGN
1114,192.168.0.130-224.0.0.2,BENIGN
1115,192.168.0.130-224.0.0.251,BENIGN
1116,192.168.0.131-224.0.0.251,BENIGN
1117,192.168.1.1-192.168.1.115,BENIGN
1118,192.168.1.1-192.168.1.118,BENIGN
1119,192.168.1.1-192.168.1.120,BENIGN
1120,192.168.1.1-192.168.1.121,BENIGN
1121,192.168.1.1-192.168.1.125,BENIGN
1122,192.168.1.1-192.168.1.126,BENIGN
1123,192.168.1.1-192.168.1.127,BENIGN
1124,192.168.1.1-192.168.1.130,BENIGN
1125,192.168.1.1-192.168.1.164,BENIGN
1126,192.168.1.1-192.168.1.55,BENIGN
1127,192.168.1.1-255.255.255.255,BENIGN
1128,192.168.1.102-192.168.1.255,BENIGN
1129,192.168.1.102-224.0.0.2,BENIGN
1130,192.168.1.102-224.0.0.22,BENIGN
1131,192.168.1.102-224.0.0.251,BENIGN
1132,192.168.1.102-224.0.0.252,BENIGN
1133,192.168.1.103-192.168.1.255,BENIGN
1134,192.168.1.103-224.0.0.251,BENIGN
1135,192.168.1.103-239.255.255.250,BENIGN
1136,192.168.1.103-255.255.255.255,BENIGN
1137,192.168.1.104-192.168.1.255,BENIGN
1138,192.168.1.104-224.0.0.251,BENIGN
1139,192.168.1.106-192.168.1.255,BENIGN
1140,192.168.1.106-224.0.0.22,BENIGN
1141,192.168.1.106-224.0.0.251,BENIGN
1142,192.168.1.106-224.0.0.252,BENIGN
1143,192.168.1.106-239.255.255.250,BENIGN
1144,192.168.1.106-255.255.255.255,BENIGN
1145,192.168.1.108-192.168.1.255,BENIGN
1146,192.168.1.108-224.0.0.251,BENIGN
1147,192.168.1.108-255.255.255.255,BENIGN
1148,192.168.1.109-192.168.1.255,BENIGN
1149,192.168.1.109-224.0.0.251,BENIGN
1150,192.168.1.110-192.168.1.2,BENIGN
1151,192.168.1.110-192.168.1.255,BENIGN
1152,192.168.1.110-192.185.171.197,MALICIOUS
1153,192.168.1.110-192.188.58.163,MALICIOUS
1154,192.168.1.110-193.140.100.40,BENIGN
1155,192.168.1.110-193.200.91.90,BENIGN
1156,192.168.1.110-193.225.118.162,BENIGN
1157,192.168.1.110-194.54.80.30,BENIGN
1158,192.168.1.110-195.113.232.73,BENIGN
1159,192.168.1.110-195.113.232.89,BENIGN
1160,192.168.1.110-198.54.115.150,MALICIOUS
1161,192.168.1.110-198.54.117.210,MALICIOUS
1162,192.168.1.110-198.54.117.211,MALICIOUS
1163,192.168.1.110-198.54.117.212,MALICIOUS
1164,192.168.1.110-203.153.165.21,MALICIOUS
1165,192.168.1.110-213.136.77.63,BENIGN
1166,192.168.1.110-213.5.39.34,BENIGN
1167,192.168.1.110-216.218.185.162,MALICIOUS
1168,192.168.1.110-224.0.0.252,BENIGN
1169,192.168.1.110-23.100.122.175,BENIGN
1170,192.168.1.110-23.96.52.53,BENIGN
1171,192.168.1.110-37.187.56.220,BENIGN
1172,192.168.1.110-52.169.120.89,BENIGN
1173,192.168.1.110-69.43.168.214,MALICIOUS
1174,192.168.1.110-8.253.143.121,BENIGN
1175,192.168.1.110-8.253.207.120,BENIGN
1176,192.168.1.110-8.254.191.142,BENIGN
1177,192.168.1.110-8.8.4.4,BENIGN
1178,192.168.1.110-8.8.8.8,BENIGN
1179,192.168.1.110-89.248.168.30,MALICIOUS
1180,192.168.1.110-91.107.105.112,MALICIOUS
1181,192.168.1.110-91.235.212.22,BENIGN
1182,192.168.1.110-92.222.82.98,BENIGN
1183,192.168.1.112-224.0.0.2,BENIGN
1184,192.168.1.112-224.0.0.251,BENIGN
1185,192.168.1.112-255.255.255.255,BENIGN
1186,192.168.1.113-192.168.1.2,BENIGN
1187,192.168.1.113-192.168.1.255,BENIGN
1188,192.168.1.113-195.113.232.89,BENIGN
1189,192.168.1.113-195.113.235.81,BENIGN
1190,192.168.1.113-195.113.235.99,BENIGN
1191,192.168.1.113-2.16.4.186,BENIGN
1192,192.168.1.113-224.0.0.251,BENIGN
1193,192.168.1.113-224.0.0.252,BENIGN
1194,192.168.1.113-239.255.255.250,BENIGN
1195,192.168.1.113-45.79.186.178,MALICIOUS
1196,192.168.1.113-46.163.78.94,MALICIOUS
1197,192.168.1.113-62.210.36.193,MALICIOUS
1198,192.168.1.113-62.75.145.252,MALICIOUS
1199,192.168.1.113-66.175.215.16,MALICIOUS
1200,192.168.1.113-8.8.4.4,BENIGN
1201,192.168.1.113-8.8.8.8,BENIGN
1202,192.168.1.113-81.88.24.211,MALICIOUS
1203,192.168.1.113-82.165.142.107,MALICIOUS
1204,192.168.1.113-87.106.77.193,MALICIOUS
1205,192.168.1.113-95.110.231.207,MALICIOUS
1206,192.168.1.113-95.211.191.142,BENIGN
1207,192.168.1.113-95.211.242.83,BENIGN
1208,192.168.1.114-192.168.1.115,BENIGN
1209,192.168.1.114-192.168.1.118,BENIGN
1210,192.168.1.114-192.168.1.121,BENIGN
1211,192.168.1.114-192.168.1.126,BENIGN
1212,192.168.1.114-224.0.0.252,BENIGN
1213,192.168.1.115-192.168.1.120,BENIGN
1214,192.168.1.115-192.168.1.2,BENIGN
1215,192.168.1.115-192.168.1.255,BENIGN
1216,192.168.1.115-195.113.232.73,BENIGN
1217,192.168.1.115-195.113.232.82,BENIGN
1218,192.168.1.115-208.87.225.248,MALICIOUS
1219,192.168.1.115-224.0.0.252,BENIGN
1220,192.168.1.115-68.169.52.216,MALICIOUS
1221,192.168.1.115-8.253.143.249,BENIGN
1222,192.168.1.115-8.253.40.14,BENIGN
1223,192.168.1.115-8.8.8.8,BENIGN
1224,192.168.1.116-192.168.1.2,BENIGN
1225,192.168.1.116-192.168.1.255,BENIGN
1226,192.168.1.116-195.113.232.72,BENIGN
1227,192.168.1.116-195.113.232.73,BENIGN
1228,192.168.1.116-195.113.232.75,BENIGN
1229,192.168.1.116-195.113.232.82,BENIGN
1230,192.168.1.116-205.178.137.221,MALICIOUS
1231,192.168.1.116-224.0.0.252,BENIGN
1232,192.168.1.116-5.101.120.73,MALICIOUS
1233,192.168.1.116-51.254.129.140,MALICIOUS
1234,192.168.1.116-8.8.4.4,BENIGN
1235,192.168.1.116-8.8.8.8,BENIGN
1236,192.168.1.116-80.188.120.11,MALICIOUS
1237,192.168.1.116-80.231.122.150,BENIGN
1238,192.168.1.116-91.121.30.169,MALICIOUS
1239,192.168.1.116-93.184.221.240,BENIGN
1240,192.168.1.117-192.168.1.2,BENIGN
1241,192.168.1.117-192.168.1.255,BENIGN
1242,192.168.1.117-224.0.0.252,BENIGN
1243,192.168.1.117-45.79.186.178,MALICIOUS
1244,192.168.1.117-46.163.78.94,MALICIOUS
1245,192.168.1.117-62.210.36.193,MALICIOUS
1246,192.168.1.117-62.75.145.252,MALICIOUS
1247,192.168.1.117-66.175.215.16,MALICIOUS
1248,192.168.1.117-81.88.24.211,MALICIOUS
1249,192.168.1.117-82.165.142.107,MALICIOUS
1250,192.168.1.117-87.106.77.193,MALICIOUS
1251,192.168.1.117-95.110.231.207,MALICIOUS
1252,192.168.1.118-192.168.1.120,BENIGN
1253,192.168.1.118-192.168.1.131,BENIGN
1254,192.168.1.118-192.168.1.168,BENIGN
1255,192.168.1.118-192.168.1.178,BENIGN
1256,192.168.1.118-192.168.1.2,BENIGN
1257,192.168.1.118-192.168.1.255,BENIGN
1258,192.168.1.118-224.0.0.252,BENIGN
1259,192.168.1.118-31.216.147.136,MALICIOUS
1260,192.168.1.118-37.120.172.171,MALICIOUS
1261,192.168.1.118-45.79.186.178,MALICIOUS
1262,192.168.1.118-46.163.78.94,MALICIOUS
1263,192.168.1.118-62.210.36.193,MALICIOUS
1264,192.168.1.118-62.75.145.252,MALICIOUS
1265,192.168.1.118-66.175.215.16,MALICIOUS
1266,192.168.1.118-8.8.247.36,MALICIOUS
1267,192.168.1.118-8.8.8.8,BENIGN
1268,192.168.1.118-81.12.229.190,MALICIOUS
1269,192.168.1.118-81.88.24.211,MALICIOUS
1270,192.168.1.118-82.165.142.107,MALICIOUS
1271,192.168.1.118-87.106.77.193,MALICIOUS
1272,192.168.1.118-95.110.231.207,MALICIOUS
1273,192.168.1.119-192.168.1.255,BENIGN
1274,192.168.1.119-224.0.0.252,BENIGN
1275,192.168.1.119-239.255.255.250,BENIGN
1276,192.168.1.120-192.168.1.121,BENIGN
1277,192.168.1.120-192.168.1.126,BENIGN
1278,192.168.1.120-192.168.1.2,BENIGN
1279,192.168.1.120-192.168.1.255,BENIGN
1280,192.168.1.120-192.254.173.150,MALICIOUS
1281,192.168.1.120-2.22.146.106,BENIGN
1282,192.168.1.120-224.0.0.252,BENIGN
1283,192.168.1.120-45.58.49.244,MALICIOUS
1284,192.168.1.120-45.79.186.178,MALICIOUS
1285,192.168.1.120-46.163.78.94,MALICIOUS
1286,192.168.1.120-52.166.249.114,BENIGN
1287,192.168.1.120-52.169.120.89,BENIGN
1288,192.168.1.120-62.210.36.193,MALICIOUS
1289,192.168.1.120-62.75.145.252,MALICIOUS
1290,192.168.1.120-66.175.215.16,MALICIOUS
1291,192.168.1.120-8.250.3.254,BENIGN
1292,192.168.1.120-81.88.24.211,MALICIOUS
1293,192.168.1.120-82.165.142.107,MALICIOUS
1294,192.168.1.120-87.106.77.193,MALICIOUS
1295,192.168.1.120-95.110.231.207,MALICIOUS
1296,192.168.1.121-192.168.1.129,BENIGN
1297,192.168.1.121-192.168.1.2,BENIGN
1298,192.168.1.121-192.168.1.255,BENIGN
1299,192.168.1.121-195.113.232.73,BENIGN
1300,192.168.1.121-195.88.209.221,MALICIOUS
1301,192.168.1.121-217.197.39.1,MALICIOUS
1302,192.168.1.121-224.0.0.252,BENIGN
1303,192.168.1.121-45.79.186.178,MALICIOUS
1304,192.168.1.121-46.163.78.94,MALICIOUS
1305,192.168.1.121-62.210.36.193,MALICIOUS
1306,192.168.1.121-62.75.145.252,MALICIOUS
1307,192.168.1.121-66.175.215.16,MALICIOUS
1308,192.168.1.121-8.253.143.121,BENIGN
1309,192.168.1.121-8.8.8.8,BENIGN
1310,192.168.1.121-81.88.24.211,MALICIOUS
1311,192.168.1.121-82.165.142.107,MALICIOUS
1312,192.168.1.121-87.106.77.193,MALICIOUS
1313,192.168.1.121-91.219.28.55,MALICIOUS
1314,192.168.1.121-95.110.231.207,MALICIOUS
1315,192.168.1.121-95.46.8.65,MALICIOUS
1316,192.168.1.122-192.168.1.129,BENIGN
1317,192.168.1.122-192.168.1.2,BENIGN
1318,192.168.1.122-192.168.1.255,BENIGN
1319,192.168.1.122-195.113.232.72,BENIGN
1320,192.168.1.122-195.113.232.73,BENIGN
1321,192.168.1.122-224.0.0.252,BENIGN
1322,192.168.1.122-37.187.54.76,MALICIOUS
1323,192.168.1.122-67.208.113.15,MALICIOUS
1324,192.168.1.122-8.8.4.4,BENIGN
1325,192.168.1.122-8.8.8.8,BENIGN
1326,192.168.1.122-81.169.128.232,MALICIOUS
1327,192.168.1.123-192.168.1.255,BENIGN
1328,192.168.1.123-198.167.136.139,MALICIOUS
1329,192.168.1.123-224.0.0.252,BENIGN
1330,192.168.1.123-8.8.247.90,MALICIOUS
1331,192.168.1.123-8.8.8.8,BENIGN
1332,192.168.1.124-192.168.1.255,BENIGN
1333,192.168.1.124-224.0.0.252,BENIGN
1334,192.168.1.125-192.168.1.2,BENIGN
1335,192.168.1.125-192.168.1.255,BENIGN
1336,192.168.1.125-224.0.0.252,BENIGN
1337,192.168.1.125-45.79.186.178,MALICIOUS
1338,192.168.1.125-46.163.78.94,MALICIOUS
1339,192.168.1.125-62.210.36.193,MALICIOUS
1340,192.168.1.125-62.75.145.252,MALICIOUS
1341,192.168.1.125-66.175.215.16,MALICIOUS
1342,192.168.1.125-8.8.8.8,BENIGN
1343,192.168.1.125-81.88.24.211,MALICIOUS
1344,192.168.1.125-82.165.142.107,MALICIOUS
1345,192.168.1.125-87.106.77.193,MALICIOUS
1346,192.168.1.125-95.110.231.207,MALICIOUS
1347,192.168.1.126-192.168.1.2,BENIGN
1348,192.168.1.126-192.168.1.255,BENIGN
1349,192.168.1.126-195.113.232.89,BENIGN
1350,192.168.1.126-224.0.0.252,BENIGN
1351,192.168.1.126-45.79.186.178,MALICIOUS
1352,192.168.1.126-46.163.78.94,MALICIOUS
1353,192.168.1.126-62.75.145.252,MALICIOUS
1354,192.168.1.126-66.175.215.16,MALICIOUS
1355,192.168.1.126-8.8.4.4,BENIGN
1356,192.168.1.126-8.8.8.8,BENIGN
1357,192.168.1.126-81.88.24.211,MALICIOUS
1358,192.168.1.126-82.165.142.107,MALICIOUS
1359,192.168.1.126-85.25.119.91,MALICIOUS
1360,192.168.1.126-87.106.77.193,MALICIOUS
1361,192.168.1.126-95.110.231.207,MALICIOUS
1362,192.168.1.127-192.168.1.2,BENIGN
1363,192.168.1.127-192.168.1.255,BENIGN
1364,192.168.1.127-224.0.0.0,BENIGN
1365,192.168.1.127-224.0.0.251,BENIGN
1366,192.168.1.127-224.0.0.252,BENIGN
1367,192.168.1.127-239.255.255.250,BENIGN
1368,192.168.1.127-45.79.186.178,MALICIOUS
1369,192.168.1.127-46.163.78.94,MALICIOUS
1370,192.168.1.127-62.75.145.252,MALICIOUS
1371,192.168.1.127-66.175.215.16,MALICIOUS
1372,192.168.1.127-8.8.8.8,BENIGN
1373,192.168.1.127-81.88.24.211,MALICIOUS
1374,192.168.1.127-82.165.142.107,MALICIOUS
1375,192.168.1.127-85.25.119.91,MALICIOUS
1376,192.168.1.127-87.106.77.193,MALICIOUS
1377,192.168.1.127-95.110.231.207,MALICIOUS
1378,192.168.1.128-192.168.1.2,BENIGN
1379,192.168.1.128-192.168.1.255,BENIGN
1380,192.168.1.128-224.0.0.252,BENIGN
1381,192.168.1.128-239.255.255.250,BENIGN
1382,192.168.1.128-59.125.50.132,MALICIOUS
1383,192.168.1.128-8.253.143.249,BENIGN
1384,192.168.1.128-8.8.8.8,BENIGN
1385,192.168.1.128-89.163.220.168,MALICIOUS
1386,192.168.1.128-95.158.148.249,MALICIOUS
1387,192.168.1.129-192.168.1.2,BENIGN
1388,192.168.1.129-192.168.1.255,BENIGN
1389,192.168.1.129-2.21.74.96,BENIGN
1390,192.168.1.129-224.0.0.2,BENIGN
1391,192.168.1.129-224.0.0.251,BENIGN
1392,192.168.1.129-224.0.0.252,BENIGN
1393,192.168.1.129-255.255.255.255,BENIGN
1394,192.168.1.129-84.234.75.108,MALICIOUS
1395,192.168.1.130-192.168.1.2,BENIGN
1396,192.168.1.130-192.168.1.255,BENIGN
1397,192.168.1.130-193.0.140.177,MALICIOUS
1398,192.168.1.130-195.113.232.73,BENIGN
1399,192.168.1.130-195.2.252.152,MALICIOUS
1400,192.168.1.130-200.112.228.69,MALICIOUS
1401,192.168.1.130-200.119.236.86,MALICIOUS
1402,192.168.1.130-212.24.109.100,MALICIOUS
1403,192.168.1.130-212.24.109.200,MALICIOUS
1404,192.168.1.130-212.24.109.218,MALICIOUS
1405,192.168.1.130-212.24.110.1,MALICIOUS
1406,192.168.1.130-212.24.110.154,MALICIOUS
1407,192.168.1.130-212.24.110.190,MALICIOUS
1408,192.168.1.130-212.24.110.35,MALICIOUS
1409,192.168.1.130-212.24.110.38,MALICIOUS
1410,192.168.1.130-212.24.110.51,MALICIOUS
1411,192.168.1.130-216.66.0.143,MALICIOUS
1412,192.168.1.130-216.66.39.66,BENIGN
1413,192.168.1.130-217.182.53.102,MALICIOUS
1414,192.168.1.130-217.29.220.255,MALICIOUS
1415,192.168.1.130-221.179.156.39,MALICIOUS
1416,192.168.1.130-224.0.0.2,BENIGN
1417,192.168.1.130-224.0.0.22,BENIGN
1418,192.168.1.130-224.0.0.251,BENIGN
1419,192.168.1.130-224.0.0.252,BENIGN
1420,192.168.1.130-239.255.255.250,BENIGN
1421,192.168.1.130-36.66.107.162,MALICIOUS
1422,192.168.1.130-37.59.158.241,MALICIOUS
1423,192.168.1.130-54.235.148.27,BENIGN
1424,192.168.1.130-58.52.155.163,MALICIOUS
1425,192.168.1.130-59.40.249.231,MALICIOUS
1426,192.168.1.130-59.41.202.198,MALICIOUS
1427,192.168.1.130-59.61.184.228,MALICIOUS
1428,192.168.1.130-64.250.115.129,MALICIOUS
1429,192.168.1.130-76.8.104.213,MALICIOUS
1430,192.168.1.130-8.253.207.120,BENIGN
1431,192.168.1.130-8.8.8.8,BENIGN
1432,192.168.1.130-89.231.13.18,MALICIOUS
1433,192.168.1.130-89.231.13.27,MALICIOUS
1434,192.168.1.130-89.231.13.33,MALICIOUS
1435,192.168.1.131-192.168.1.255,BENIGN
1436,192.168.1.131-224.0.0.251,BENIGN
1437,192.168.1.131-239.255.255.250,BENIGN
1438,192.168.1.132-192.168.1.255,BENIGN
1439,192.168.1.132-224.0.0.2,BENIGN
1440,192.168.1.132-224.0.0.22,BENIGN
1441,192.168.1.132-224.0.0.251,BENIGN
1442,192.168.1.132-224.0.0.252,BENIGN
1443,192.168.1.132-239.255.255.250,BENIGN
1444,192.168.1.133-192.168.1.255,BENIGN
1445,192.168.1.133-224.0.0.251,BENIGN
1446,192.168.1.133-224.0.0.252,BENIGN
1447,192.168.1.133-239.255.255.250,BENIGN
1448,192.168.1.134-192.168.1.255,BENIGN
1449,192.168.1.134-224.0.0.22,BENIGN
1450,192.168.1.134-224.0.0.251,BENIGN
1451,192.168.1.134-239.255.255.250,BENIGN
1452,192.168.1.136-192.168.1.255,BENIGN
1453,192.168.1.136-224.0.0.251,BENIGN
1454,192.168.1.136-239.255.255.250,BENIGN
1455,192.168.1.139-239.2.0.251,BENIGN
1456,192.168.1.139-239.2.0.252,BENIGN
1457,192.168.1.149-192.168.1.255,BENIGN
1458,192.168.1.149-224.0.0.22,BENIGN
1459,192.168.1.149-224.0.0.251,BENIGN
1460,192.168.1.151-224.0.0.22,BENIGN
1461,192.168.1.155-224.0.0.2,BENIGN
1462,192.168.1.155-224.0.0.251,BENIGN
1463,192.168.1.160-192.168.1.255,BENIGN
1464,192.168.1.160-224.0.0.2,BENIGN
1465,192.168.1.160-224.0.0.22,BENIGN
1466,192.168.1.160-224.0.0.251,BENIGN
1467,192.168.1.160-224.0.0.252,BENIGN
1468,192.168.1.160-239.255.255.250,BENIGN
1469,192.168.1.164-192.168.1.248,BENIGN
1470,192.168.1.164-192.168.1.255,BENIGN
1471,192.168.1.164-192.168.1.35,BENIGN
1472,192.168.1.164-195.12.186.240,BENIGN
1473,192.168.1.164-195.201.59.237,BENIGN
1474,192.168.1.164-205.185.216.10,BENIGN
1475,192.168.1.164-208.49.103.218,BENIGN
1476,192.168.1.164-209.197.3.63,BENIGN
1477,192.168.1.164-209.58.144.53,BENIGN
1478,192.168.1.164-209.85.230.248,BENIGN
1479,192.168.1.164-216.239.32.116,BENIGN
1480,192.168.1.164-216.58.199.100,BENIGN
1481,192.168.1.164-216.58.199.104,BENIGN
1482,192.168.1.164-216.58.199.110,BENIGN
1483,192.168.1.164-216.58.199.14,BENIGN
1484,192.168.1.164-216.58.199.2,BENIGN
1485,192.168.1.164-216.58.199.22,BENIGN
1486,192.168.1.164-216.58.199.97,BENIGN
1487,192.168.1.164-216.58.199.98,BENIGN
1488,192.168.1.164-216.58.199.99,BENIGN
1489,192.168.1.164-216.58.200.10,BENIGN
1490,192.168.1.164-216.58.200.14,BENIGN
1491,192.168.1.164-216.58.200.2,BENIGN
1492,192.168.1.164-216.58.200.3,BENIGN
1493,192.168.1.164-216.58.203.10,BENIGN
1494,192.168.1.164-216.58.203.35,BENIGN
1495,192.168.1.164-216.58.203.42,BENIGN
1496,192.168.1.164-216.58.211.99,BENIGN
1497,192.168.1.164-216.58.212.131,BENIGN
1498,192.168.1.164-216.58.220.194,BENIGN
1499,192.168.1.164-216.58.220.195,BENIGN
1500,192.168.1.164-216.58.220.196,BENIGN
1501,192.168.1.164-216.58.220.202,BENIGN
1502,192.168.1.164-216.58.220.206,BENIGN
1503,192.168.1.164-216.58.221.100,BENIGN
1504,192.168.1.164-216.58.221.109,BENIGN
1505,192.168.1.164-216.58.221.110,BENIGN
1506,192.168.1.164-216.58.221.130,BENIGN
1507,192.168.1.164-216.58.221.131,BENIGN
1508,192.168.1.164-216.58.221.138,BENIGN
1509,192.168.1.164-216.58.221.226,BENIGN
1510,192.168.1.164-216.58.221.238,BENIGN
1511,192.168.1.164-216.58.221.97,BENIGN
1512,192.168.1.164-216.58.221.99,BENIGN
1513,192.168.1.164-224.0.0.2,BENIGN
1514,192.168.1.164-224.0.0.251,BENIGN
1515,192.168.1.164-23.111.9.57,BENIGN
1516,192.168.1.164-239.255.255.250,BENIGN
1517,192.168.1.164-31.13.95.12,BENIGN
1518,192.168.1.164-35.153.92.190,BENIGN
1519,192.168.1.164-35.190.88.7,BENIGN
1520,192.168.1.164-35.231.145.151,BENIGN
1521,192.168.1.164-40.112.184.169,BENIGN
1522,192.168.1.164-40.77.226.250,BENIGN
1523,192.168.1.164-40.83.127.51,BENIGN
1524,192.168.1.164-42.112.37.34,BENIGN
1525,192.168.1.164-42.112.37.35,BENIGN
1526,192.168.1.164-42.118.90.17,BENIGN
1527,192.168.1.164-42.118.90.81,BENIGN
1528,192.168.1.164-42.118.90.82,BENIGN
1529,192.168.1.164-42.119.208.210,BENIGN
1530,192.168.1.164-42.119.210.172,BENIGN
1531,192.168.1.164-45.32.23.201,BENIGN
1532,192.168.1.164-52.0.41.190,BENIGN
1533,192.168.1.164-52.109.120.21,BENIGN
1534,192.168.1.164-52.109.124.5,BENIGN
1535,192.168.1.164-52.109.56.34,BENIGN
1536,192.168.1.164-52.109.76.32,BENIGN
1537,192.168.1.164-52.109.88.37,BENIGN
1538,192.168.1.164-52.20.14.48,BENIGN
1539,192.168.1.164-52.220.198.143,BENIGN
1540,192.168.1.164-52.221.79.84,BENIGN
1541,192.168.1.164-52.232.69.150,BENIGN
1542,192.168.1.164-52.25.246.19,BENIGN
1543,192.168.1.164-52.3.65.28,BENIGN
1544,192.168.1.164-52.35.227.82,BENIGN
1545,192.168.1.164-52.45.126.253,BENIGN
1546,192.168.1.164-52.73.187.32,BENIGN
1547,192.168.1.164-52.74.31.185,BENIGN
1548,192.168.1.164-52.85.158.106,BENIGN
1549,192.168.1.164-52.85.158.125,BENIGN
1550,192.168.1.164-52.85.158.127,BENIGN
1551,192.168.1.164-52.85.158.130,BENIGN
1552,192.168.1.164-54.192.75.11,BENIGN
1553,192.168.1.164-54.192.75.237,BENIGN
1554,192.168.1.164-54.69.187.37,BENIGN
1555,192.168.1.164-64.233.188.188,BENIGN
1556,192.168.1.164-64.233.189.188,BENIGN
1557,192.168.1.164-65.55.44.109,BENIGN
1558,192.168.1.164-74.125.204.155,BENIGN
1559,192.168.1.164-94.31.29.32,BENIGN
1560,192.168.1.165-192.168.1.255,BENIGN
1561,192.168.1.165-224.0.0.2,BENIGN
1562,192.168.1.165-224.0.0.251,BENIGN
1563,192.168.1.165-224.0.0.252,BENIGN
1564,192.168.1.165-239.255.255.250,BENIGN
1565,192.168.1.166-192.168.1.255,BENIGN
1566,192.168.1.166-224.0.0.2,BENIGN
1567,192.168.1.166-224.0.0.22,BENIGN
1568,192.168.1.166-224.0.0.251,BENIGN
1569,192.168.1.166-239.255.255.250,BENIGN
1570,192.168.1.167-192.168.1.255,BENIGN
1571,192.168.1.167-224.0.0.2,BENIGN
1572,192.168.1.167-224.0.0.251,BENIGN
1573,192.168.1.167-224.0.0.252,BENIGN
1574,192.168.1.167-239.255.255.250,BENIGN
1575,192.168.1.168-224.0.0.2,BENIGN
1576,192.168.1.168-224.0.0.22,BENIGN
1577,192.168.1.168-224.0.0.251,BENIGN
1578,192.168.1.168-239.255.255.250,BENIGN
1579,192.168.1.168-239.255.3.22,BENIGN
1580,192.168.1.169-224.0.0.251,BENIGN
1581,192.168.1.171-192.168.1.255,BENIGN
1582,192.168.1.171-224.0.0.2,BENIGN
1583,192.168.1.171-224.0.0.251,BENIGN
1584,192.168.1.171-239.255.255.250,BENIGN
1585,192.168.1.177-192.168.1.255,BENIGN
1586,192.168.1.177-224.0.0.2,BENIGN
1587,192.168.1.177-224.0.0.251,BENIGN
1588,192.168.1.178-224.0.0.251,BENIGN
1589,192.168.1.179-224.0.0.22,BENIGN
1590,192.168.1.179-224.0.0.251,BENIGN
1591,192.168.1.179-255.255.255.255,BENIGN
1592,192.168.1.184-224.0.0.2,BENIGN
1593,192.168.1.184-224.0.0.22,BENIGN
1594,192.168.1.184-224.0.0.251,BENIGN
1595,192.168.1.184-255.255.255.255,BENIGN
1596,192.168.1.186-224.0.0.2,BENIGN
1597,192.168.1.186-224.0.0.251,BENIGN
1598,192.168.1.19-224.0.0.251,BENIGN
1599,192.168.1.190-224.0.0.2,BENIGN
1600,192.168.1.190-224.0.0.22,BENIGN
1601,192.168.1.190-224.0.0.251,BENIGN
1602,192.168.1.190-239.255.255.250,BENIGN
1603,192.168.1.194-192.168.1.255,BENIGN
1604,192.168.1.194-224.0.0.22,BENIGN
1605,192.168.1.194-224.0.0.251,BENIGN
1606,192.168.1.194-224.0.0.252,BENIGN
1607,192.168.1.194-239.255.255.250,BENIGN
1608,192.168.1.194-255.255.255.255,BENIGN
1609,192.168.1.2-224.0.0.251,BENIGN
1610,192.168.1.2-73.179.163.236,BENIGN
1611,192.168.1.210-224.0.0.251,BENIGN
1612,192.168.1.213-224.0.0.2,BENIGN
1613,192.168.1.213-224.0.0.22,BENIGN
1614,192.168.1.213-224.0.0.251,BENIGN
1615,192.168.1.218-224.0.0.2,BENIGN
1616,192.168.1.218-224.0.0.22,BENIGN
1617,192.168.1.218-224.0.0.251,BENIGN
1618,192.168.1.237-192.168.1.255,BENIGN
1619,192.168.1.237-224.0.0.2,BENIGN
1620,192.168.1.237-224.0.0.251,BENIGN
1621,192.168.1.242-224.0.0.2,BENIGN
1622,192.168.1.242-224.0.0.251,BENIGN
1623,192.168.1.243-224.0.0.2,BENIGN
1624,192.168.1.243-224.0.0.251,BENIGN
1625,192.168.1.244-224.0.0.251,BENIGN
1626,192.168.1.245-224.0.0.22,BENIGN
1627,192.168.1.245-224.0.0.251,BENIGN
1628,192.168.1.245-239.255.255.250,BENIGN
1629,192.168.1.247-224.0.0.2,BENIGN
1630,192.168.1.247-224.0.0.251,BENIGN
1631,192.168.1.248-224.0.0.2,BENIGN
1632,192.168.1.248-224.0.0.251,BENIGN
1633,192.168.1.249-192.168.1.255,BENIGN
1634,192.168.1.249-224.0.0.2,BENIGN
1635,192.168.1.249-224.0.0.22,BENIGN
1636,192.168.1.249-224.0.0.251,BENIGN
1637,192.168.1.249-239.255.255.250,BENIGN
1638,192.168.1.249-255.255.255.255,BENIGN
1639,192.168.1.35-224.0.0.251,BENIGN
1640,192.168.1.46-224.0.0.251,BENIGN
1641,192.168.1.46-239.255.255.250,BENIGN
1642,192.168.1.47-239.255.255.250,BENIGN
1643,192.168.1.55-192.168.1.60,BENIGN
1644,192.168.1.55-192.229.232.200,BENIGN
1645,192.168.1.55-192.229.237.22,BENIGN
1646,192.168.1.55-192.229.237.25,BENIGN
1647,192.168.1.55-192.28.144.124,BENIGN
1648,192.168.1.55-192.28.147.68,BENIGN
1649,192.168.1.55-192.30.252.154,BENIGN
1650,192.168.1.55-192.30.253.124,BENIGN
1651,192.168.1.55-198.252.206.25,BENIGN
1652,192.168.1.55-199.80.53.211,BENIGN
1653,192.168.1.55-2.17.63.90,BENIGN
1654,192.168.1.55-2.20.136.127,BENIGN
1655,192.168.1.55-20.189.78.37,BENIGN
1656,192.168.1.55-203.113.129.173,BENIGN
1657,192.168.1.55-203.113.129.179,BENIGN
1658,192.168.1.55-203.113.131.145,BENIGN
1659,192.168.1.55-203.113.131.146,BENIGN
1660,192.168.1.55-203.113.131.209,BENIGN
1661,192.168.1.55-203.113.131.210,BENIGN
1662,192.168.1.55-203.113.181.145,BENIGN
1663,192.168.1.55-203.113.181.146,BENIGN
1664,192.168.1.55-203.113.181.17,BENIGN
1665,192.168.1.55-203.113.181.18,BENIGN
1666,192.168.1.55-203.113.181.81,BENIGN
1667,192.168.1.55-203.113.181.82,BENIGN
1668,192.168.1.55-203.113.183.30,BENIGN
1669,192.168.1.55-203.162.76.220,BENIGN
1670,192.168.1.55-204.79.197.200,BENIGN
1671,192.168.1.55-206.189.155.41,BENIGN
1672,192.168.1.55-207.244.74.108,BENIGN
1673,192.168.1.55-207.38.86.24,BENIGN
1674,192.168.1.55-209.197.3.15,BENIGN
1675,192.168.1.55-209.197.3.24,BENIGN
1676,192.168.1.55-210.211.113.34,BENIGN
1677,192.168.1.55-210.245.38.67,BENIGN
1678,192.168.1.55-210.245.38.80,BENIGN
1679,192.168.1.55-210.245.38.81,BENIGN
1680,192.168.1.55-216.239.32.116,BENIGN
1681,192.168.1.55-216.58.197.102,BENIGN
1682,192.168.1.55-216.58.197.104,BENIGN
1683,192.168.1.55-216.58.197.106,BENIGN
1684,192.168.1.55-216.58.197.110,BENIGN
1685,192.168.1.55-216.58.197.118,BENIGN
1686,192.168.1.55-216.58.197.67,BENIGN
1687,192.168.1.55-216.58.197.97,BENIGN
1688,192.168.1.55-216.58.197.98,BENIGN
1689,192.168.1.55-216.58.197.99,BENIGN
1690,192.168.1.55-216.58.199.10,BENIGN
1691,192.168.1.55-216.58.199.100,BENIGN
1692,192.168.1.55-216.58.199.104,BENIGN
1693,192.168.1.55-216.58.199.106,BENIGN
1694,192.168.1.55-216.58.199.110,BENIGN
1695,192.168.1.55-216.58.199.14,BENIGN
1696,192.168.1.55-216.58.199.2,BENIGN
1697,192.168.1.55-216.58.199.3,BENIGN
1698,192.168.1.55-216.58.199.4,BENIGN
1699,192.168.1.55-216.58.199.8,BENIGN
1700,192.168.1.55-216.58.199.97,BENIGN
1701,192.168.1.55-216.58.199.98,BENIGN
1702,192.168.1.55-216.58.199.99,BENIGN
1703,192.168.1.55-216.58.200.1,BENIGN
1704,192.168.1.55-216.58.200.10,BENIGN
1705,192.168.1.55-216.58.200.14,BENIGN
1706,192.168.1.55-216.58.200.2,BENIGN
1707,192.168.1.55-216.58.200.3,BENIGN
1708,192.168.1.55-216.58.200.4,BENIGN
1709,192.168.1.55-216.58.200.65,BENIGN
1710,192.168.1.55-216.58.200.66,BENIGN
1711,192.168.1.55-216.58.200.67,BENIGN
1712,192.168.1.55-216.58.200.68,BENIGN
1713,192.168.1.55-216.58.200.72,BENIGN
1714,192.168.1.55-216.58.200.74,BENIGN
1715,192.168.1.55-216.58.200.78,BENIGN
1716,192.168.1.55-216.58.200.8,BENIGN
1717,192.168.1.55-216.58.200.80,BENIGN
1718,192.168.1.55-216.58.220.193,BENIGN
1719,192.168.1.55-216.58.220.194,BENIGN
1720,192.168.1.55-216.58.220.195,BENIGN
1721,192.168.1.55-216.58.220.202,BENIGN
1722,192.168.1.55-216.58.220.206,BENIGN
1723,192.168.1.55-216.58.221.225,BENIGN
1724,192.168.1.55-216.58.221.226,BENIGN
1725,192.168.1.55-216.58.221.227,BENIGN
1726,192.168.1.55-216.58.221.228,BENIGN
1727,192.168.1.55-216.58.221.232,BENIGN
1728,192.168.1.55-216.58.221.234,BENIGN
1729,192.168.1.55-216.58.221.238,BENIGN
1730,192.168.1.55-222.255.122.55,BENIGN
1731,192.168.1.55-222.255.216.11,BENIGN
1732,192.168.1.55-222.255.239.84,BENIGN
1733,192.168.1.55-224.0.0.251,BENIGN
1734,192.168.1.55-23.102.224.202,BENIGN
1735,192.168.1.55-23.111.10.140,BENIGN
1736,192.168.1.55-23.111.9.35,BENIGN
1737,192.168.1.55-23.199.72.192,BENIGN
1738,192.168.1.55-23.199.72.239,BENIGN
1739,192.168.1.55-23.200.148.192,BENIGN
1740,192.168.1.55-23.200.148.231,BENIGN
1741,192.168.1.55-23.200.148.239,BENIGN
1742,192.168.1.55-23.200.149.7,BENIGN
1743,192.168.1.55-23.200.150.85,BENIGN
1744,192.168.1.55-23.200.230.137,BENIGN
1745,192.168.1.55-23.200.230.66,BENIGN
1746,192.168.1.55-23.200.231.161,BENIGN
1747,192.168.1.55-23.42.167.215,BENIGN
1748,192.168.1.55-23.50.17.214,BENIGN
1749,192.168.1.55-23.50.22.180,BENIGN
1750,192.168.1.55-23.56.162.146,BENIGN
1751,192.168.1.55-23.56.24.127,BENIGN
1752,192.168.1.55-23.7.219.212,BENIGN
1753,192.168.1.55-23.7.228.151,BENIGN
1754,192.168.1.55-23.76.216.209,BENIGN
1755,192.168.1.55-23.76.217.90,BENIGN
1756,192.168.1.55-23.76.223.204,BENIGN
1757,192.168.1.55-23.78.216.166,BENIGN
1758,192.168.1.55-23.78.217.142,BENIGN
1759,192.168.1.55-239.255.255.250,BENIGN
1760,192.168.1.55-27.71.241.141,BENIGN
1761,192.168.1.55-3.0.166.142,BENIGN
1762,192.168.1.55-3.115.101.130,BENIGN
1763,192.168.1.55-3.209.200.243,BENIGN
1764,192.168.1.55-3.213.253.218,BENIGN
1765,192.168.1.55-3.217.218.206,BENIGN
1766,192.168.1.55-3.218.125.188,BENIGN
1767,192.168.1.55-3.223.57.201,BENIGN
1768,192.168.1.55-3.95.91.250,BENIGN
1769,192.168.1.55-31.13.77.15,BENIGN
1770,192.168.1.55-31.13.77.17,BENIGN
1771,192.168.1.55-31.13.77.35,BENIGN
1772,192.168.1.55-31.13.77.37,BENIGN
1773,192.168.1.55-31.13.95.12,BENIGN
1774,192.168.1.55-31.13.95.14,BENIGN
1775,192.168.1.55-31.13.95.36,BENIGN
1776,192.168.1.55-31.13.95.37,BENIGN
1777,192.168.1.55-34.194.182.13,BENIGN
1778,192.168.1.55-34.196.247.240,BENIGN
1779,192.168.1.55-34.199.235.242,BENIGN
1780,192.168.1.55-34.201.136.193,BENIGN
1781,192.168.1.55-34.202.198.18,BENIGN
1782,192.168.1.55-34.205.111.218,BENIGN
1783,192.168.1.55-34.225.54.98,BENIGN
1784,192.168.1.55-34.234.110.155,BENIGN
1785,192.168.1.55-34.237.171.3,BENIGN
1786,192.168.1.55-34.239.164.4,BENIGN
1787,192.168.1.55-34.255.230.19,BENIGN
1788,192.168.1.55-35.190.72.21,BENIGN
1789,192.168.1.55-35.190.88.7,BENIGN
1790,192.168.1.55-35.213.89.114,BENIGN
1791,192.168.1.55-35.227.202.26,BENIGN
1792,192.168.1.55-35.231.145.151,BENIGN
1793,192.168.1.55-40.113.86.19,BENIGN
1794,192.168.1.55-40.127.204.41,BENIGN
1795,192.168.1.55-40.90.22.189,BENIGN
1796,192.168.1.55-42.113.206.24,BENIGN
1797,192.168.1.55-42.113.206.26,BENIGN
1798,192.168.1.55-42.113.206.27,BENIGN
1799,192.168.1.55-47.75.111.249,BENIGN
1800,192.168.1.55-49.213.103.118,BENIGN
1801,192.168.1.55-49.213.103.120,BENIGN
1802,192.168.1.55-49.213.106.143,BENIGN
1803,192.168.1.55-49.213.114.121,BENIGN
1804,192.168.1.55-49.213.114.122,BENIGN
1805,192.168.1.55-49.213.114.128,BENIGN
1806,192.168.1.55-49.213.114.131,BENIGN
1807,192.168.1.55-49.213.114.134,BENIGN
1808,192.168.1.55-49.213.114.149,BENIGN
1809,192.168.1.55-49.213.114.151,BENIGN
1810,192.168.1.55-49.213.114.154,BENIGN
1811,192.168.1.55-49.213.114.175,BENIGN
1812,192.168.1.55-49.213.114.195,BENIGN
1813,192.168.1.55-49.213.114.196,BENIGN
1814,192.168.1.55-49.213.114.227,BENIGN
1815,192.168.1.55-49.213.114.244,BENIGN
1816,192.168.1.55-49.213.114.96,BENIGN
1817,192.168.1.55-49.213.117.168,BENIGN
1818,192.168.1.55-49.213.78.11,BENIGN
1819,192.168.1.55-49.213.78.27,BENIGN
1820,192.168.1.55-51.105.176.200,BENIGN
1821,192.168.1.55-52.113.194.133,BENIGN
1822,192.168.1.55-52.114.132.73,BENIGN
1823,192.168.1.55-52.114.14.100,BENIGN
1824,192.168.1.55-52.114.14.47,BENIGN
1825,192.168.1.55-52.114.158.50,BENIGN
1826,192.168.1.55-52.114.158.92,BENIGN
1827,192.168.1.55-52.114.77.28,BENIGN
1828,192.168.1.55-52.138.209.16,BENIGN
1829,192.168.1.55-52.139.233.255,BENIGN
1830,192.168.1.55-52.163.121.147,BENIGN
1831,192.168.1.55-52.179.209.218,BENIGN
1832,192.168.1.55-52.198.108.114,BENIGN
1833,192.168.1.55-52.20.204.118,BENIGN
1834,192.168.1.55-52.200.29.168,BENIGN
1835,192.168.1.55-52.216.101.29,BENIGN
1836,192.168.1.55-52.216.129.109,BENIGN
1837,192.168.1.55-52.216.131.165,BENIGN
1838,192.168.1.55-52.216.144.245,BENIGN
1839,192.168.1.55-52.216.205.213,BENIGN
1840,192.168.1.55-52.229.164.28,BENIGN
1841,192.168.1.55-52.233.180.130,BENIGN
1842,192.168.1.55-52.4.188.201,BENIGN
1843,192.168.1.55-52.4.80.203,BENIGN
1844,192.168.1.55-52.40.9.84,BENIGN
1845,192.168.1.55-52.41.119.63,BENIGN
1846,192.168.1.55-52.55.11.174,BENIGN
1847,192.168.1.55-52.55.146.79,BENIGN
1848,192.168.1.55-52.7.232.208,BENIGN
1849,192.168.1.55-52.73.245.54,BENIGN
1850,192.168.1.55-52.74.184.238,BENIGN
1851,192.168.1.55-52.74.223.119,BENIGN
1852,192.168.1.55-52.76.179.205,BENIGN
1853,192.168.1.55-52.77.157.152,BENIGN
1854,192.168.1.55-54.148.200.32,BENIGN
1855,192.168.1.55-54.152.87.99,BENIGN
1856,192.168.1.55-54.156.197.213,BENIGN
1857,192.168.1.55-54.165.206.88,BENIGN
1858,192.168.1.55-54.169.193.149,BENIGN
1859,192.168.1.55-54.213.0.126,BENIGN
1860,192.168.1.55-54.255.154.87,BENIGN
1861,192.168.1.55-54.68.229.68,BENIGN
1862,192.168.1.55-58.187.8.92,BENIGN
1863,192.168.1.55-58.187.8.93,BENIGN
1864,192.168.1.55-58.187.8.94,BENIGN
1865,192.168.1.55-61.28.233.55,BENIGN
1866,192.168.1.55-64.233.188.156,BENIGN
1867,192.168.1.55-64.233.188.157,BENIGN
1868,192.168.1.55-64.233.189.154,BENIGN
1869,192.168.1.55-64.233.189.155,BENIGN
1870,192.168.1.55-64.233.189.157,BENIGN
1871,192.168.1.55-74.125.204.154,BENIGN
1872,192.168.1.55-74.125.204.157,BENIGN
1873,192.168.1.55-74.125.23.188,BENIGN
1874,192.168.1.55-84.17.57.143,BENIGN
1875,192.168.1.55-91.108.56.130,BENIGN
1876,192.168.1.55-94.130.73.103,BENIGN
1877,192.168.1.55-94.130.73.112,BENIGN
1878,192.168.1.55-94.31.29.32,BENIGN
1879,192.168.1.55-95.216.24.32,BENIGN
1880,192.168.1.60-224.0.0.251,BENIGN
1881,192.168.1.84-224.0.0.251,BENIGN
1882,192.168.2.3-255.255.255.255,BENIGN
1883,8.0.6.4-8.6.0.1,BENIGN
